location,alias,l_type,sequence,mod_type,zone_1,zone_2,zone_3,status,pickable,putable,use,aisle_key,num_mods,loc_class,do_verify,ccsched,section_name,level,select_first,x_coord,y_coord,z_coord,last_cc,beltside,aisle,cur_mods,phys_mods,,,
S0166B1,S0166B1A,FW,57001066020,A27,BIGSHOE,,,RELEAS,Y,Y,ALLOC,AS01,1,NORMAL,N,N,66,B,,0,0,0,3/30/22 0:00,S,1,0,0,,,
L0834A2,L0834A2A,FW,36008034010,X32,HANGING,REMAINING,,RELEAS,Y,Y,ALLOC,XL08,1,NORMAL,,N,34,A,,0,0,0,1/24/23 0:00,L,8,0,0,,,
E3134A4,E3134A4D,FW,15031034010,A11,BLUE_BIN,,,RELEAS,Y,Y,ALLOC,AE31,1,NORMAL,N,Y,34,A,,0,0,0,3/21/23 0:00,E,31,0,0,,,
H5001B2,H5001B2K,FW,24050001020,A05,BLUE_BIN,,,RELEAS,Y,Y,ALLOC,AH50,1,NORMAL,,N,1,B,,0,0,0,5/24/22 0:00,H,50,0,0,,,
J4228E4,J4228E4H,FW,30042028050,A11,BLUE_BIN,,,RELEAS,Y,Y,ALLOC,AJ42,1,NORMAL,N,N,28,E,,0,0,0,2/15/22 0:00,J,42,0,0,,,
S1201C1,S1201C1D,FW,57012001030,A27,BIGSHOE,,,RELEAS,Y,Y,ALLOC,AS12,1,NORMAL,N,N,1,C,,0,0,0,7/28/22 0:00,S,12,0,0,,,
U1429A1,U1429A1J,FW,63014029010,A39,STCK_FRAME,,,RELEAS,Y,Y,ALLOC,AU14,1,NORMAL,N,N,29,A,,0,0,0,3/29/22 0:00,U,14,0,0,,,
F7109E3,F7109E3H,FW,18071009050,A11,BLUE_BIN,,,RELEAS,Y,Y,ALLOC,AF71,1,NORMAL,N,N,9,E,,0,0,0,11/16/22 0:00,F,71,0,0,,,
F7110E4,F7110E4D,FW,18071010050,A11,BLUE_BIN,,,RELEAS,Y,Y,ALLOC,AF71,1,NORMAL,N,N,10,E,,0,0,0,11/16/22 0:00,F,71,0,0,,,
F7115D2,F7115D2H,FW,18071015040,A11,BLUE_BIN,,,RELEAS,Y,Y,ALLOC,AF71,1,NORMAL,N,N,15,D,,0,0,0,11/16/22 0:00,F,71,0,0,,,
S1405D1,S1405D1K,FW,57014005040,A27,BIGSHOE,,,RELEAS,Y,Y,ALLOC,AS14,1,NORMAL,N,N,5,D,,0,0,0,1/26/23 0:00,S,14,0,0,,,
F7127D4,F7127D4J,FW,18071027040,A11,BLUE_BIN,,,RELEAS,Y,Y,ALLOC,AF71,1,NORMAL,N,N,27,D,,0,0,0,11/16/22 0:00,F,71,0,0,,,
H1014E1,H1014E1F,FW,24010014050,A13,BLUE_BIN,,,RELEAS,Y,Y,ALLOC,AH10,1,NORMAL,,N,14,E,,0,0,0,9/19/22 0:00,H,10,0,0,,,
A2311G1,A2311G1H,FW,3023011070,A05,BLUE_BIN,,,RELEAS,Y,Y,ALLOC,AA23,1,NORMAL,N,N,11,G,,0,0,0,11/30/22 0:00,A,23,0,0,,,
A3633A1,A3633A1K,FW,3036033010,A05,BLUE_BIN,,,RELEAS,Y,Y,ALLOC,AA36,1,NORMAL,N,N,33,A,,0,0,0,6/27/22 0:00,A,36,0,0,,,
F2803C2,F2803C2E,FW,18028003030,A11,BLUE_BIN,,,RELEAS,Y,Y,ALLOC,AF28,1,NORMAL,,N,3,C,,0,0,0,10/12/22 0:00,F,28,0,0,,,
E2636F4,E2636F4D,FW,15026036060,A11,BLUE_BIN,,,RELEAS,Y,Y,ALLOC,AE26,1,NORMAL,,Y,36,F,,0,0,0,3/23/23 0:00,E,26,0,0,,,
G1511E2,G1511E2A,FW,21015011050,A11,BLUE_BIN,,,RELEAS,Y,Y,ALLOC,AG15,1,NORMAL,,N,11,E,,0,0,0,1/25/23 0:00,G,15,0,0,,,
B1611F2,B1611F2J,FW,6016011060,A11,BLUE_BIN,,,RELEAS,Y,Y,ALLOC,AB16,1,NORMAL,N,N,11,F,,0,0,0,11/10/22 0:00,B,16,0,0,,,
B2204F1,B2204F1D,FW,6022004060,A11,BLUE_BIN,,,RELEAS,Y,Y,ALLOC,AB22,1,NORMAL,N,N,4,F,,0,0,0,11/11/22 0:00,B,22,0,0,,,
B2211E1,B2211E1K,FW,6022011050,A11,BLUE_BIN,,,RELEAS,Y,Y,ALLOC,AB22,1,NORMAL,N,N,11,E,,0,0,0,1/4/23 0:00,B,22,0,0,,,
B2301C3,B2301C3G,FW,6023001030,A13,BLUE_BIN,,,RELEAS,Y,Y,ALLOC,AB23,1,NORMAL,N,N,1,C,,0,0,0,10/4/22 0:00,B,23,0,0,,,
B2301D1,B2301D1K,FW,6023001040,A13,BLUE_BIN,,,RELEAS,Y,Y,ALLOC,AB23,1,NORMAL,N,N,1,D,,0,0,0,9/23/22 0:00,B,23,0,0,,,
B2305C2,B2305C2K,FW,6023005030,A13,BLUE_BIN,,,RELEAS,Y,Y,ALLOC,AB23,1,NORMAL,N,N,5,C,,0,0,0,10/4/22 0:00,B,23,0,0,,,
B2305D2,B2305D2J,FW,6023005040,A11,BLUE_BIN,,,RELEAS,Y,Y,ALLOC,AB23,1,NORMAL,N,N,5,D,,0,0,0,4/6/22 0:00,B,23,0,0,,,
B2307C2,B2307C2F,FW,6023007030,A13,BLUE_BIN,,,RELEAS,Y,Y,ALLOC,AB23,1,NORMAL,N,N,7,C,,0,0,0,3/8/22 0:00,B,23,0,0,,,
B2307D2,B2307D2E,FW,6023007040,A13,BLUE_BIN,,,RELEAS,Y,Y,ALLOC,AB23,1,NORMAL,N,N,7,D,,0,0,0,10/3/22 0:00,B,23,0,0,,,
B2312C2,B2312C2F,FW,6023012030,A13,BLUE_BIN,,,RELEAS,Y,Y,ALLOC,AB23,1,NORMAL,N,N,12,C,,0,0,0,10/3/22 0:00,B,23,0,0,,,
B2322D2,B2322D2D,FW,6023022040,A13,BLUE_BIN,,,RELEAS,Y,Y,ALLOC,AB23,1,NORMAL,N,N,22,D,,0,0,0,10/14/22 0:00,B,23,0,0,,,
B2324C3,B2324C3J,FW,6023024030,A11,BLUE_BIN,,,RELEAS,Y,Y,ALLOC,AB23,1,NORMAL,N,N,24,C,,0,0,0,3/25/22 0:00,B,23,0,0,,,
B2334E1,B2334E1K,FW,6023034050,A11,BLUE_BIN,,,RELEAS,Y,Y,ALLOC,AB23,1,NORMAL,N,N,34,E,,0,0,0,4/11/22 0:00,B,23,0,0,,,
B2413H1,B2413H1J,FW,6024013080,A05,BLUE_BIN,,,RELEAS,Y,Y,ALLOC,AB24,1,NORMAL,N,N,13,H,,0,0,0,10/6/22 0:00,B,24,0,0,,,
B2415B2,B2415B2H,FW,6024015020,A05,BLUE_BIN,,,RELEAS,Y,Y,ALLOC,AB24,1,NORMAL,N,N,15,B,,0,0,0,5/29/22 0:00,B,24,0,0,,,
B2416B3,B2416B3D,FW,6024016020,A05,BLUE_BIN,,,RELEAS,Y,Y,ALLOC,AB24,1,NORMAL,N,N,16,B,,0,0,0,9/6/22 0:00,B,24,0,0,,,
B2418H1,B2418H1H,FW,6024018080,A05,BLUE_BIN,,,RELEAS,Y,Y,ALLOC,AB24,1,NORMAL,N,N,18,H,,0,0,0,9/28/22 0:00,B,24,0,0,,,
B2418H2,B2418H2F,FW,6024018080,A05,BLUE_BIN,,,RELEAS,Y,Y,ALLOC,AB24,1,NORMAL,N,N,18,H,,0,0,0,10/3/22 0:00,B,24,0,0,,,
B2420A2,B2420A2J,FW,6024020010,A05,BLUE_BIN,,,RELEAS,Y,Y,ALLOC,AB24,1,NORMAL,N,N,20,A,,0,0,0,8/29/22 0:00,B,24,0,0,,,
B2420H1,B2420H1D,FW,6024020080,A05,BLUE_BIN,,,RELEAS,Y,Y,ALLOC,AB24,1,NORMAL,N,N,20,H,,0,0,0,7/6/22 0:00,B,24,0,0,,,
B2421A1,B2421A1J,FW,6024021010,A05,BLUE_BIN,,,RELEAS,Y,Y,ALLOC,AB24,1,NORMAL,N,N,21,A,,0,0,0,9/28/22 0:00,B,24,0,0,,,
B2610C2,B2610C2C,FW,6026010030,A11,BLUE_BIN,,,RELEAS,Y,Y,ALLOC,AB26,1,NORMAL,N,N,10,C,,0,0,0,11/11/22 0:00,B,26,0,0,,,
B2615A2,B2615A2D,FW,6026015010,A13,BLUE_BIN,,,RELEAS,Y,Y,ALLOC,AB26,1,NORMAL,N,N,15,A,,0,0,0,11/11/22 0:00,B,26,0,0,,,
B2730G2,B2730G2E,FW,6027030070,A13,BLUE_BIN,,,RELEAS,Y,Y,ALLOC,AB27,1,NORMAL,N,N,30,G,,0,0,0,11/11/22 0:00,B,27,0,0,,,
B2732B3,B2732B3D,FW,6027032020,A13,BLUE_BIN,,,RELEAS,Y,Y,ALLOC,AB27,1,NORMAL,N,N,32,B,,0,0,0,11/11/22 0:00,B,27,0,0,,,
B2810H1,B2810H1F,FW,6028010080,A13,BLUE_BIN,,,RELEAS,Y,Y,ALLOC,AB28,1,NORMAL,N,N,10,H,,0,0,0,11/11/22 0:00,B,28,0,0,,,
B2811A2,B2811A2J,FW,6028011010,A13,BLUE_BIN,,,RELEAS,Y,Y,ALLOC,AB28,1,NORMAL,N,N,11,A,,0,0,0,11/11/22 0:00,B,28,0,0,,,
B2819F1,B2819F1J,FW,6028019060,A13,BLUE_BIN,,,RELEAS,Y,Y,ALLOC,AB28,1,NORMAL,N,N,19,F,,0,0,0,11/11/22 0:00,B,28,0,0,,,
B2829B1,B2829B1B,FW,6028029020,A13,BLUE_BIN,,,RELEAS,Y,Y,ALLOC,AB28,1,NORMAL,N,N,29,B,,0,0,0,11/11/22 0:00,B,28,0,0,,,
B2831B1,B2831B1H,FW,6028031020,A13,BLUE_BIN,,,RELEAS,Y,Y,ALLOC,AB28,1,NORMAL,N,N,31,B,,0,0,0,11/11/22 0:00,B,28,0,0,,,
B2832C1,B2832C1E,FW,6028032030,A13,BLUE_BIN,,,RELEAS,Y,Y,ALLOC,AB28,1,NORMAL,N,N,32,C,,0,0,0,11/11/22 0:00,B,28,0,0,,,
B3116A2,B3116A2B,FW,6031016010,A13,BLUE_BIN,,,RELEAS,Y,Y,ALLOC,AB31,1,NORMAL,N,N,16,A,,0,0,0,11/11/22 0:00,B,31,0,0,,,
B3124G3,B3124G3H,FW,6031024070,A13,BLUE_BIN,,,RELEAS,Y,Y,ALLOC,AB31,1,NORMAL,N,N,24,G,,0,0,0,11/11/22 0:00,B,31,0,0,,,
B3125A1,B3125A1E,FW,6031025010,A13,BLUE_BIN,,,RELEAS,Y,Y,ALLOC,AB31,1,NORMAL,N,N,25,A,,0,0,0,11/11/22 0:00,B,31,0,0,,,
B3127G3,B3127G3A,FW,6031027070,A13,BLUE_BIN,,,RELEAS,Y,Y,ALLOC,AB31,1,NORMAL,N,N,27,G,,0,0,0,11/11/22 0:00,B,31,0,0,,,
B3130B3,B3130B3K,FW,6031030020,A13,BLUE_BIN,,,RELEAS,Y,Y,ALLOC,AB31,1,NORMAL,N,N,30,B,,0,0,0,11/11/22 0:00,B,31,0,0,,,
F1602B4,F1602B4J,FW,18016002020,A16,SHOES,,,RELEAS,Y,Y,ALLOC,AF16,1,NORMAL,,N,2,B,,0,0,0,8/5/22 0:00,F,16,0,0,,,
C3628B1,C3628B1E,FW,9036028020,A05,BLUE_BIN,,,RELEAS,Y,Y,ALLOC,AC36,1,NORMAL,N,N,28,B,,0,0,0,11/11/22 0:00,C,36,0,0,,,
C3926B3,C3926B3J,FW,9039026020,A18,SHOES,,,RELEAS,Y,Y,ALLOC,AC39,1,NORMAL,N,N,26,B,,0,0,0,8/4/22 0:00,C,39,0,0,,,
C4820C1,C4820C1F,FW,9048020030,A18,SHOES,,,RELEAS,Y,Y,ALLOC,AC48,1,NORMAL,N,N,20,C,,0,0,0,8/10/22 0:00,C,48,0,0,,,
C5027C2,C5027C2E,FW,9050027030,A16,SHOES,,,RELEAS,Y,Y,ALLOC,AC50,1,NORMAL,N,N,27,C,,0,0,0,11/11/22 0:00,C,50,0,0,,,
C5035G1,C5035G1F,FW,9050035070,A16,SHOES,,,RELEAS,Y,Y,ALLOC,AC50,1,NORMAL,N,N,35,G,,0,0,0,11/11/22 0:00,C,50,0,0,,,
C5102E3,C5102E3B,FW,9051002050,A16,SHOES,,,RELEAS,Y,Y,ALLOC,AC51,1,NORMAL,N,Y,2,E,,0,0,0,12/18/22 0:00,C,51,0,0,,,
D1432A1,D1432A1C,FW,12014032010,A18,SHOES,,,RELEAS,Y,Y,ALLOC,AD14,1,NORMAL,N,N,32,A,,0,0,0,8/30/22 0:00,D,14,0,0,,,
D3540E3,D3540E3C,FW,12035040050,A11,BLUE_BIN,,,RELEAS,Y,Y,ALLOC,AD35,1,NORMAL,N,Y,40,E,,0,0,0,8/8/22 0:00,D,35,0,0,,,
H4319E4,H4319E4K,FW,24043019050,A11,BLUE_BIN,,,RELEAS,Y,Y,ALLOC,AH43,1,NORMAL,,N,19,E,,0,0,0,1/25/23 0:00,H,43,0,0,,,
H4311E4,H4311E4G,FW,24043011050,A11,BLUE_BIN,,,RELEAS,Y,Y,ALLOC,AH43,1,NORMAL,,N,11,E,,0,0,0,1/25/23 0:00,H,43,0,0,,,
E2520D3,E2520D3D,FW,15025020040,A11,BLUE_BIN,,,RELEAS,Y,Y,ALLOC,AE25,1,NORMAL,N,Y,20,D,,0,0,0,3/25/22 0:00,E,25,0,0,,,
E2525F3,E2525F3A,FW,15025025060,A11,BLUE_BIN,,,RELEAS,Y,Y,ALLOC,AE25,1,NORMAL,N,Y,25,F,,0,0,0,3/16/23 0:00,E,25,0,0,,,
E2609F2,E2609F2E,FW,15026009060,A11,BLUE_BIN,,,RELEAS,Y,Y,ALLOC,AE26,1,NORMAL,N,Y,9,F,,0,0,0,3/21/23 0:00,E,26,0,0,,,
E2612D3,E2612D3J,FW,15026012040,A11,BLUE_BIN,,,RELEAS,Y,Y,ALLOC,AE26,1,NORMAL,N,Y,12,D,,0,0,0,3/21/23 0:00,E,26,0,0,,,
E2623D3,E2623D3F,FW,15026023040,A11,BLUE_BIN,,,RELEAS,Y,Y,ALLOC,AE26,1,NORMAL,N,Y,23,D,,0,0,0,3/15/23 0:00,E,26,0,0,,,
E2726E3,E2726E3F,FW,15027026050,A11,BLUE_BIN,,,RELEAS,Y,Y,ALLOC,AE27,1,NORMAL,N,Y,26,E,,0,0,0,9/8/22 0:00,E,27,0,0,,,
E4318B1,E4318B1G,FW,15043018020,A13,BLUE_BIN,,,RELEAS,Y,Y,ALLOC,AE43,1,NORMAL,N,N,18,B,,0,0,0,1/25/23 0:00,E,43,0,0,,,
F0711C1,F0711C1D,FW,18007011030,A31,SEASONAL,,,RELEAS,Y,Y,ALLOC,AF07,1,NORMAL,N,N,11,C,,0,0,0,1/25/23 0:00,F,7,0,0,,,
O4618A1,O4618A1J,FW,45046018010,A39,SWING,,,RELEAS,Y,Y,ALLOC,AO46,1,NORMAL,N,N,18,A,,0,0,0,11/14/22 0:00,O,46,0,0,,,
H4401F4,H4401F4E,FW,24044001060,A11,BLUE_BIN,,,RELEAS,Y,Y,ALLOC,AH44,1,NORMAL,,N,1,F,,0,0,0,6/9/22 0:00,H,44,0,0,,,
F1507E1,F1507E1C,FW,18015007050,A18,SHOES,,,RELEAS,Y,Y,ALLOC,AF15,1,NORMAL,N,N,7,E,,0,0,0,6/30/22 0:00,F,15,0,0,,,
N2425E1,N2425E1J,FW,42024025050,A18,SHOES,,,RELEAS,Y,Y,ALLOC,AN24,1,NORMAL,N,N,25,E,,0,0,0,2/25/22 0:00,N,24,0,0,,,
F2339C3,F2339C3H,FW,18023039030,A18,SHOES,,,RELEAS,Y,Y,ALLOC,AF23,1,NORMAL,N,N,39,C,,0,0,0,3/29/22 0:00,F,23,0,0,,,
F3509B1,F3509B1K,FW,18035009020,A05,BLUE_BIN,,,RELEAS,Y,Y,ALLOC,AF35,1,NORMAL,N,N,9,B,,0,0,0,1/25/23 0:00,F,35,0,0,,,
F3718G3,F3718G3H,FW,18037018070,A05,BLUE_BIN,,,RELEAS,Y,Y,ALLOC,AF37,1,NORMAL,N,N,18,G,,0,0,0,1/25/23 0:00,F,37,0,0,,,
F3833C3,F3833C3J,FW,18038033030,A11,BLUE_BIN,,,RELEAS,Y,Y,ALLOC,AF38,1,NORMAL,N,N,33,C,,0,0,0,6/13/22 0:00,F,38,0,0,,,
F4018H1,F4018H1E,FW,18040018080,A05,BLUE_BIN,,,RELEAS,Y,Y,ALLOC,AF40,1,NORMAL,N,N,18,H,,0,0,0,9/29/22 0:00,F,40,0,0,,,
F4140E1,F4140E1K,FW,18041040050,A11,BLUE_BIN,,,RELEAS,Y,Y,ALLOC,AF41,1,NORMAL,N,N,40,E,,0,0,0,1/25/23 0:00,F,41,0,0,,,
F4231B1,F4231B1K,FW,18042031020,A05,BLUE_BIN,,,RELEAS,Y,Y,ALLOC,AF42,1,NORMAL,N,N,31,B,,0,0,0,1/25/23 0:00,F,42,0,0,,,
F4232F1,F4232F1D,FW,18042032060,A13,BLUE_BIN,,,RELEAS,Y,Y,ALLOC,AF42,1,NORMAL,N,N,32,F,,0,0,0,1/25/23 0:00,F,42,0,0,,,
F4409F3,F4409F3D,FW,18044009060,A11,BLUE_BIN,,,RELEAS,Y,Y,ALLOC,AF44,1,NORMAL,N,N,9,F,,0,0,0,9/14/22 0:00,F,44,0,0,,,
F4415E3,F4415E3B,FW,18044015050,A11,BLUE_BIN,,,RELEAS,Y,Y,ALLOC,AF44,1,NORMAL,N,N,15,E,,0,0,0,9/14/22 0:00,F,44,0,0,,,
F4415F2,F4415F2C,FW,18044015060,A11,BLUE_BIN,,,RELEAS,Y,Y,ALLOC,AF44,1,NORMAL,N,N,15,F,,0,0,0,9/14/22 0:00,F,44,0,0,,,
F4420E3,F4420E3B,FW,18044020050,A11,BLUE_BIN,,,RELEAS,Y,Y,ALLOC,AF44,1,NORMAL,N,N,20,E,,0,0,0,9/14/22 0:00,F,44,0,0,,,
F4426F2,F4426F2K,FW,18044026060,A11,BLUE_BIN,,,RELEAS,Y,Y,ALLOC,AF44,1,NORMAL,N,N,26,F,,0,0,0,9/14/22 0:00,F,44,0,0,,,
F4603E3,F4603E3C,FW,18046003050,A11,BLUE_BIN,,,RELEAS,Y,Y,ALLOC,AF46,1,NORMAL,N,N,3,E,,0,0,0,5/27/22 0:00,F,46,0,0,,,
F4606C1,F4606C1B,FW,18046006030,A11,BLUE_BIN,,,RELEAS,Y,Y,ALLOC,AF46,1,NORMAL,N,N,6,C,,0,0,0,5/27/22 0:00,F,46,0,0,,,
F4626C4,F4626C4D,FW,18046026030,A11,BLUE_BIN,,,RELEAS,Y,Y,ALLOC,AF46,1,NORMAL,N,N,26,C,,0,0,0,5/27/22 0:00,F,46,0,0,,,
F4642E1,F4642E1E,FW,18046042050,A11,BLUE_BIN,,,RELEAS,Y,Y,ALLOC,AF46,1,NORMAL,N,N,42,E,,0,0,0,5/27/22 0:00,F,46,0,0,,,
K4101E2,K4101E2J,FW,33041001050,A11,BLUE_BIN,,,RELEAS,Y,Y,ALLOC,AK41,1,NORMAL,,Y,1,E,,0,0,0,10/6/22 0:00,K,41,0,0,,,
G0616A1,G0616A1E,FW,21006016010,A31,SEASONAL,,,RELEAS,Y,Y,ALLOC,AG06,1,NORMAL,N,N,16,A,,0,0,0,10/14/22 0:00,G,6,0,0,,,
G2511F3,G2511F3G,FW,21025011060,A13,BLUE_BIN,,,RELEAS,Y,Y,ALLOC,AG25,1,NORMAL,N,N,11,F,,0,0,0,2/25/22 0:00,G,25,0,0,,,
G2513F3,G2513F3C,FW,21025013060,A13,BLUE_BIN,,,RELEAS,Y,Y,ALLOC,AG25,1,NORMAL,N,N,13,F,,0,0,0,1/25/23 0:00,G,25,0,0,,,
G2515F2,G2515F2K,FW,21025015060,A13,BLUE_BIN,,,RELEAS,Y,Y,ALLOC,AG25,1,NORMAL,N,N,15,F,,0,0,0,1/25/23 0:00,G,25,0,0,,,
G2527F2,G2527F2E,FW,21025027060,A13,BLUE_BIN,,,RELEAS,Y,Y,ALLOC,AG25,1,NORMAL,N,N,27,F,,0,0,0,1/25/23 0:00,G,25,0,0,,,
G2528F2,G2528F2C,FW,21025028060,A13,BLUE_BIN,,,RELEAS,Y,Y,ALLOC,AG25,1,NORMAL,N,N,28,F,,0,0,0,1/25/23 0:00,G,25,0,0,,,
G2531F2,G2531F2G,FW,21025031060,A13,BLUE_BIN,,,RELEAS,Y,Y,ALLOC,AG25,1,NORMAL,N,N,31,F,,0,0,0,1/25/23 0:00,G,25,0,0,,,
G2538F2,G2538F2B,FW,21025038060,A13,BLUE_BIN,,,RELEAS,Y,Y,ALLOC,AG25,1,NORMAL,N,N,38,F,,0,0,0,1/25/23 0:00,G,25,0,0,,,
B6328D3,B6328D3E,FW,6063028040,A11,BLUE_BIN,,,RELEAS,Y,Y,ALLOC,AB63,1,NORMAL,N,Y,28,D,,0,0,0,10/25/22 0:00,B,63,0,0,,,
G3325E3,G3325E3B,FW,21033025050,A15,BLUE_BIN,,,RELEAS,Y,Y,ALLOC,AG33,1,NORMAL,N,N,25,E,,0,0,0,3/28/22 0:00,G,33,0,0,,,
B6330E2,B6330E2B,FW,6063030050,A11,BLUE_BIN,,,RELEAS,Y,Y,ALLOC,AB63,1,NORMAL,N,N,30,E,,0,0,0,10/25/22 0:00,B,63,0,0,,,
G4414G3,G4414G3A,FW,21044014070,A05,BLUE_BIN,,,RELEAS,Y,Y,ALLOC,AG44,1,NORMAL,N,N,14,G,,0,0,0,5/20/22 0:00,G,44,0,0,,,
H0819B1,H0819B1B,FW,24008019020,A31,SEASONAL,,,RELEAS,Y,Y,ALLOC,AH08,1,NORMAL,N,N,19,B,,0,0,0,9/19/22 0:00,H,8,0,0,,,
H1025E1,H1025E1B,FW,24010025050,A13,BLUE_BIN,,,RELEAS,Y,Y,ALLOC,AH10,1,NORMAL,N,N,25,E,,0,0,0,9/19/22 0:00,H,10,0,0,,,
H1134C3,H1134C3K,FW,24011034030,A05,BLUE_BIN,,,RELEAS,Y,Y,ALLOC,AH11,1,NORMAL,N,N,34,C,,0,0,0,7/21/22 0:00,H,11,0,0,,,
H1809F3,H1809F3D,FW,24018009060,A13,BLUE_BIN,,,RELEAS,Y,Y,ALLOC,AH18,1,NORMAL,N,N,9,F,,0,0,0,4/8/22 0:00,H,18,0,0,,,
H2312B1,H2312B1F,FW,24023012020,A05,BLUE_BIN,,,RELEAS,Y,Y,ALLOC,AH23,1,NORMAL,N,N,12,B,,0,0,0,7/27/22 0:00,H,23,0,0,,,
B6335D3,B6335D3K,FW,6063035040,A11,BLUE_BIN,,,RELEAS,Y,Y,ALLOC,AB63,1,NORMAL,N,N,35,D,,0,0,0,10/25/22 0:00,B,63,0,0,,,
H2516C3,H2516C3G,FW,24025016030,A11,BLUE_BIN,,,RELEAS,Y,Y,ALLOC,AH25,1,NORMAL,N,N,16,C,,0,0,0,6/8/22 0:00,H,25,0,0,,,
H3612C3,H3612C3C,FW,24036012030,A11,BLUE_BIN,,,RELEAS,Y,Y,ALLOC,AH36,1,NORMAL,N,N,12,C,,0,0,0,1/25/23 0:00,H,36,0,0,,,
H3924B2,H3924B2E,FW,24039024020,A13,BLUE_BIN,,,RELEAS,Y,Y,ALLOC,AH39,1,NORMAL,N,N,24,B,,0,0,0,1/25/23 0:00,H,39,0,0,,,
H4221H3,H4221H3G,FW,24042021080,A15,BLUE_BIN,,,RELEAS,Y,Y,ALLOC,AH42,1,NORMAL,N,N,21,H,,0,0,0,2/23/22 0:00,H,42,0,0,,,
H4331E1,H4331E1A,FW,24043031050,A11,BLUE_BIN,,,RELEAS,Y,Y,ALLOC,AH43,1,NORMAL,N,N,31,E,,0,0,0,1/25/23 0:00,H,43,0,0,,,
H4335E1,H4335E1B,FW,24043035050,A11,BLUE_BIN,,,RELEAS,Y,Y,ALLOC,AH43,1,NORMAL,N,N,35,E,,0,0,0,1/25/23 0:00,H,43,0,0,,,
H4706G1,H4706G1B,FW,24047006070,A05,BLUE_BIN,,,RELEAS,Y,Y,ALLOC,AH47,1,NORMAL,N,N,6,G,,0,0,0,10/6/22 0:00,H,47,0,0,,,
H4707H1,H4707H1J,FW,24047007080,A05,BLUE_BIN,,,RELEAS,Y,Y,ALLOC,AH47,1,NORMAL,N,N,7,H,,0,0,0,10/6/22 0:00,H,47,0,0,,,
H4708D3,H4708D3G,FW,24047008040,A11,BLUE_BIN,,,RELEAS,Y,Y,ALLOC,AH47,1,NORMAL,N,N,8,D,,0,0,0,10/6/22 0:00,H,47,0,0,,,
H5022A1,H5022A1J,FW,24050022010,A05,BLUE_BIN,,,RELEAS,Y,Y,ALLOC,AH50,1,NORMAL,N,N,22,A,,0,0,0,5/24/22 0:00,H,50,0,0,,,
H5030A1,H5030A1B,FW,24050030010,A05,BLUE_BIN,,,RELEAS,Y,Y,ALLOC,AH50,1,NORMAL,N,N,30,A,,0,0,0,5/24/22 0:00,H,50,0,0,,,
H5036B1,H5036B1H,FW,24050036020,A05,BLUE_BIN,,,RELEAS,Y,Y,ALLOC,AH50,1,NORMAL,N,N,36,B,,0,0,0,5/24/22 0:00,H,50,0,0,,,
E2633D4,E2633D4C,FW,15026033040,A11,BLUE_BIN,,,RELEAS,Y,Y,ALLOC,AE26,1,NORMAL,N,Y,33,D,,0,0,0,3/10/23 0:00,E,26,0,0,,,
J1115F3,J1115F3A,FW,30011015060,A15,BLUE_BIN,,,RELEAS,Y,Y,ALLOC,AJ11,1,NORMAL,N,N,15,F,,0,0,0,10/17/22 0:00,J,11,0,0,,,
J1120F1,J1120F1E,FW,30011020060,A15,BLUE_BIN,,,RELEAS,Y,Y,ALLOC,AJ11,1,NORMAL,N,N,20,F,,0,0,0,10/17/22 0:00,J,11,0,0,,,
J2002H3,J2002H3H,FW,30020002080,A05,BLUE_BIN,,,RELEAS,Y,Y,ALLOC,AJ20,1,NORMAL,N,N,2,H,,0,0,0,11/2/22 0:00,J,20,0,0,,,
J2123B1,J2123B1B,FW,30021023020,A05,BLUE_BIN,,,RELEAS,Y,Y,ALLOC,AJ21,1,NORMAL,N,N,23,B,,0,0,0,10/5/22 0:00,J,21,0,0,,,
J2224F3,J2224F3K,FW,30022024060,A15,BLUE_BIN,,,RELEAS,Y,Y,ALLOC,AJ22,1,NORMAL,N,N,24,F,,0,0,0,2/23/22 0:00,J,22,0,0,,,
J2226F3,J2226F3E,FW,30022026060,A15,BLUE_BIN,,,RELEAS,Y,Y,ALLOC,AJ22,1,NORMAL,N,N,26,F,,0,0,0,1/26/23 0:00,J,22,0,0,,,
J2302E2,J2302E2G,FW,30023002050,A11,BLUE_BIN,,,RELEAS,Y,Y,ALLOC,AJ23,1,NORMAL,N,N,2,E,,0,0,0,9/15/22 0:00,J,23,0,0,,,
J2304F2,J2304F2B,FW,30023004060,A11,BLUE_BIN,,,RELEAS,Y,Y,ALLOC,AJ23,1,NORMAL,N,N,4,F,,0,0,0,1/26/23 0:00,J,23,0,0,,,
J2304F3,J2304F3K,FW,30023004060,A11,BLUE_BIN,,,RELEAS,Y,Y,ALLOC,AJ23,1,NORMAL,N,N,4,F,,0,0,0,2/17/22 0:00,J,23,0,0,,,
J2306D3,J2306D3G,FW,30023006040,A11,BLUE_BIN,,,RELEAS,Y,Y,ALLOC,AJ23,1,NORMAL,N,N,6,D,,0,0,0,3/9/22 0:00,J,23,0,0,,,
J2307E1,J2307E1H,FW,30023007050,A13,BLUE_BIN,,,RELEAS,Y,Y,ALLOC,AJ23,1,NORMAL,N,N,7,E,,0,0,0,9/15/22 0:00,J,23,0,0,,,
J2307H3,J2307H3A,FW,30023007080,A05,BLUE_BIN,,,RELEAS,Y,Y,ALLOC,AJ23,1,NORMAL,N,Y,7,H,,0,0,0,1/30/23 0:00,J,23,0,0,,,
J2308F2,J2308F2C,FW,30023008060,A11,BLUE_BIN,,,RELEAS,Y,Y,ALLOC,AJ23,1,NORMAL,N,N,8,F,,0,0,0,1/26/23 0:00,J,23,0,0,,,
J2308F3,J2308F3A,FW,30023008060,A11,BLUE_BIN,,,RELEAS,Y,Y,ALLOC,AJ23,1,NORMAL,N,N,8,F,,0,0,0,3/3/22 0:00,J,23,0,0,,,
J2311F3,J2311F3E,FW,30023011060,A11,BLUE_BIN,,,RELEAS,Y,Y,ALLOC,AJ23,1,NORMAL,N,N,11,F,,0,0,0,1/26/23 0:00,J,23,0,0,,,
J2320D1,J2320D1B,FW,30023020040,A11,BLUE_BIN,,,RELEAS,Y,Y,ALLOC,AJ23,1,NORMAL,N,N,20,D,,0,0,0,3/10/22 0:00,J,23,0,0,,,
J2325E3,J2325E3F,FW,30023025050,A13,BLUE_BIN,,,RELEAS,Y,Y,ALLOC,AJ23,1,NORMAL,N,N,25,E,,0,0,0,7/11/22 0:00,J,23,0,0,,,
J2325F2,J2325F2G,FW,30023025060,A13,BLUE_BIN,,,RELEAS,Y,Y,ALLOC,AJ23,1,NORMAL,N,N,25,F,,0,0,0,9/15/22 0:00,J,23,0,0,,,
J2335C3,J2335C3G,FW,30023035030,A11,BLUE_BIN,,,RELEAS,Y,Y,ALLOC,AJ23,1,NORMAL,N,N,35,C,,0,0,0,3/10/22 0:00,J,23,0,0,,,
J2338D2,J2338D2B,FW,30023038040,A11,BLUE_BIN,,,RELEAS,Y,Y,ALLOC,AJ23,1,NORMAL,N,N,38,D,,0,0,0,2/15/22 0:00,J,23,0,0,,,
J2338F2,J2338F2K,FW,30023038060,A11,BLUE_BIN,,,RELEAS,Y,Y,ALLOC,AJ23,1,NORMAL,N,N,38,F,,0,0,0,2/15/22 0:00,J,23,0,0,,,
J2339F2,J2339F2H,FW,30023039060,A11,BLUE_BIN,,,RELEAS,Y,Y,ALLOC,AJ23,1,NORMAL,N,N,39,F,,0,0,0,1/26/23 0:00,J,23,0,0,,,
C9845C1,C9845C1H,FW,9098045030,A31,SEASONAL,,,RELEAS,Y,Y,ALLOC,AC98,1,NORMAL,N,N,45,C,,0,0,0,10/6/22 0:00,C,98,0,0,,,
J3504C1,J3504C1A,FW,30035004030,A13,BLUE_BIN,,,RELEAS,Y,Y,ALLOC,AJ35,1,NORMAL,N,N,4,C,,0,0,0,5/26/22 0:00,J,35,0,0,,,
J3510D1,J3510D1G,FW,30035010040,A13,BLUE_BIN,,,RELEAS,Y,Y,ALLOC,AJ35,1,NORMAL,N,N,10,D,,0,0,0,5/26/22 0:00,J,35,0,0,,,
J3512F1,J3512F1A,FW,30035012060,A13,BLUE_BIN,,,RELEAS,Y,Y,ALLOC,AJ35,1,NORMAL,N,N,12,F,,0,0,0,5/26/22 0:00,J,35,0,0,,,
J3514F1,J3514F1G,FW,30035014060,A13,BLUE_BIN,,,RELEAS,Y,Y,ALLOC,AJ35,1,NORMAL,N,N,14,F,,0,0,0,5/26/22 0:00,J,35,0,0,,,
J3520F1,J3520F1D,FW,30035020060,A13,BLUE_BIN,,,RELEAS,Y,Y,ALLOC,AJ35,1,NORMAL,N,N,20,F,,0,0,0,5/26/22 0:00,J,35,0,0,,,
J3522F1,J3522F1K,FW,30035022060,A13,BLUE_BIN,,,RELEAS,Y,Y,ALLOC,AJ35,1,NORMAL,N,N,22,F,,0,0,0,5/26/22 0:00,J,35,0,0,,,
J3530D1,J3530D1E,FW,30035030040,A13,BLUE_BIN,,,RELEAS,Y,Y,ALLOC,AJ35,1,NORMAL,N,N,30,D,,0,0,0,5/26/22 0:00,J,35,0,0,,,
J3531F1,J3531F1A,FW,30035031060,A13,BLUE_BIN,,,RELEAS,Y,Y,ALLOC,AJ35,1,NORMAL,N,N,31,F,,0,0,0,5/26/22 0:00,J,35,0,0,,,
J3530F1,J3530F1C,FW,30035030060,A13,BLUE_BIN,,,RELEAS,Y,Y,ALLOC,AJ35,1,NORMAL,N,N,30,F,,0,0,0,5/26/22 0:00,J,35,0,0,,,
J3532E1,J3532E1K,FW,30035032050,A13,BLUE_BIN,,,RELEAS,Y,Y,ALLOC,AJ35,1,NORMAL,N,N,32,E,,0,0,0,5/26/22 0:00,J,35,0,0,,,
J3533D1,J3533D1J,FW,30035033040,A13,BLUE_BIN,,,RELEAS,Y,Y,ALLOC,AJ35,1,NORMAL,N,N,33,D,,0,0,0,5/26/22 0:00,J,35,0,0,,,
J3709F1,J3709F1C,FW,30037009060,A13,BLUE_BIN,,,RELEAS,Y,Y,ALLOC,AJ37,1,NORMAL,N,N,9,F,,0,0,0,6/24/22 0:00,J,37,0,0,,,
J3734C2,J3734C2B,FW,30037034030,A13,BLUE_BIN,,,RELEAS,Y,Y,ALLOC,AJ37,1,NORMAL,N,N,34,C,,0,0,0,6/24/22 0:00,J,37,0,0,,,
J3736D1,J3736D1H,FW,30037036040,A13,BLUE_BIN,,,RELEAS,Y,Y,ALLOC,AJ37,1,NORMAL,N,N,36,D,,0,0,0,6/24/22 0:00,J,37,0,0,,,
J3736E3,J3736E3C,FW,30037036050,A13,BLUE_BIN,,,RELEAS,Y,Y,ALLOC,AJ37,1,NORMAL,N,N,36,E,,0,0,0,6/24/22 0:00,J,37,0,0,,,
J3821F3,J3821F3B,FW,30038021060,A13,BLUE_BIN,,,RELEAS,Y,Y,ALLOC,AJ38,1,NORMAL,N,N,21,F,,0,0,0,5/16/22 0:00,J,38,0,0,,,
J3822F3,J3822F3K,FW,30038022060,A13,BLUE_BIN,,,RELEAS,Y,Y,ALLOC,AJ38,1,NORMAL,N,N,22,F,,0,0,0,5/16/22 0:00,J,38,0,0,,,
J3832F3,J3832F3J,FW,30038032060,A13,BLUE_BIN,,,RELEAS,Y,Y,ALLOC,AJ38,1,NORMAL,N,N,32,F,,0,0,0,5/16/22 0:00,J,38,0,0,,,
J4436F4,J4436F4F,FW,30044036060,A11,BLUE_BIN,,,RELEAS,Y,Y,ALLOC,AJ44,1,NORMAL,N,N,36,F,,0,0,0,7/22/22 0:00,J,44,0,0,,,
J4620D1,J4620D1C,FW,30046020040,A11,BLUE_BIN,,,RELEAS,Y,Y,ALLOC,AJ46,1,NORMAL,N,N,20,D,,0,0,0,8/16/22 0:00,J,46,0,0,,,
J4621F1,J4621F1J,FW,30046021060,A11,BLUE_BIN,,,RELEAS,Y,Y,ALLOC,AJ46,1,NORMAL,N,N,21,F,,0,0,0,8/16/22 0:00,J,46,0,0,,,
J4624F3,J4624F3J,FW,30046024060,A11,BLUE_BIN,,,RELEAS,Y,Y,ALLOC,AJ46,1,NORMAL,N,N,24,F,,0,0,0,8/16/22 0:00,J,46,0,0,,,
J4712H1,J4712H1D,FW,30047012080,A05,BLUE_BIN,,,RELEAS,Y,Y,ALLOC,AJ47,1,NORMAL,N,N,12,H,,0,0,0,1/26/23 0:00,J,47,0,0,,,
J4721H3,J4721H3A,FW,30047021080,A05,BLUE_BIN,,,RELEAS,Y,Y,ALLOC,AJ47,1,NORMAL,N,N,21,H,,0,0,0,5/10/22 0:00,J,47,0,0,,,
J4735B1,J4735B1A,FW,30047035020,A05,BLUE_BIN,,,RELEAS,Y,Y,ALLOC,AJ47,1,NORMAL,N,N,35,B,,0,0,0,5/11/22 0:00,J,47,0,0,,,
J4737H1,J4737H1A,FW,30047037080,A05,BLUE_BIN,,,RELEAS,Y,Y,ALLOC,AJ47,1,NORMAL,N,N,37,H,,0,0,0,4/18/22 0:00,J,47,0,0,,,
J4738A4,J4738A4K,FW,30047038010,A05,BLUE_BIN,,,RELEAS,Y,Y,ALLOC,AJ47,1,NORMAL,N,N,38,A,,0,0,0,4/19/22 0:00,J,47,0,0,,,
J4803C3,J4803C3B,FW,30048003030,A11,BLUE_BIN,,,RELEAS,Y,Y,ALLOC,AJ48,1,NORMAL,N,N,3,C,,0,0,0,11/4/22 0:00,J,48,0,0,,,
J4806C3,J4806C3E,FW,30048006030,A11,BLUE_BIN,,,RELEAS,Y,Y,ALLOC,AJ48,1,NORMAL,N,N,6,C,,0,0,0,11/4/22 0:00,J,48,0,0,,,
J4824A1,J4824A1D,FW,30048024010,A05,BLUE_BIN,,,RELEAS,Y,Y,ALLOC,AJ48,1,NORMAL,N,N,24,A,,0,0,0,11/4/22 0:00,J,48,0,0,,,
J4840C1,J4840C1H,FW,30048040030,A11,BLUE_BIN,,,RELEAS,Y,Y,ALLOC,AJ48,1,NORMAL,N,N,40,C,,0,0,0,11/4/22 0:00,J,48,0,0,,,
K4710B4,K4710B4F,FW,33047010020,A05,BLUE_BIN,,,RELEAS,Y,Y,ALLOC,AK47,1,NORMAL,N,Y,10,B,,0,0,0,10/21/22 0:00,K,47,0,0,,,
K4713B4,K4713B4K,FW,33047013020,A05,BLUE_BIN,,,RELEAS,Y,Y,ALLOC,AK47,1,NORMAL,N,Y,13,B,,0,0,0,3/2/23 0:00,K,47,0,0,,,
O5805A1,O5805A1A,FW,45058005010,A59,SWING,,,RELEAS,Y,Y,ALLOC,AO58,1,NORMAL,N,N,5,A,,0,0,0,1/23/23 0:00,O,58,0,0,,,
H1737F4,H1737F4E,FW,24017037060,A11,BLUE_BIN,,,RELEAS,Y,Y,ALLOC,AH17,1,NORMAL,,N,37,F,,0,0,0,1/25/23 0:00,H,17,0,0,,,
B6340E4,B6340E4G,FW,6063040050,A11,BLUE_BIN,,,RELEAS,Y,Y,ALLOC,AB63,1,NORMAL,N,N,40,E,,0,0,0,10/25/22 0:00,B,63,0,0,,,
N2413E3,N2413E3A,FW,42024013050,A18,SHOES,,,RELEAS,Y,Y,ALLOC,AN24,1,NORMAL,N,N,13,E,,0,0,0,1/26/23 0:00,N,24,0,0,,,
K3403G1,K3403G1K,FW,33034003070,A05,BLUE_BIN,,,RELEAS,Y,Y,ALLOC,AK34,1,NORMAL,N,Y,3,G,,0,0,0,12/30/22 0:00,K,34,0,0,,,
K3418B1,K3418B1C,FW,33034018020,A05,BLUE_BIN,,,RELEAS,Y,Y,ALLOC,AK34,1,NORMAL,N,Y,18,B,,0,0,0,2/23/23 0:00,K,34,0,0,,,
K3418F1,K3418F1J,FW,33034018060,A13,BLUE_BIN,,,RELEAS,Y,Y,ALLOC,AK34,1,NORMAL,N,N,18,F,,0,0,0,2/18/22 0:00,K,34,0,0,,,
K3426F1,K3426F1B,FW,33034026060,A13,BLUE_BIN,,,RELEAS,Y,Y,ALLOC,AK34,1,NORMAL,N,N,26,F,,0,0,0,1/26/23 0:00,K,34,0,0,,,
K3623C2,K3623C2E,FW,33036023030,A11,BLUE_BIN,,,RELEAS,Y,Y,ALLOC,AK36,1,NORMAL,N,N,23,C,,0,0,0,3/21/22 0:00,K,36,0,0,,,
K3636G3,K3636G3A,FW,33036036070,A05,BLUE_BIN,,,RELEAS,Y,Y,ALLOC,AK36,1,NORMAL,N,Y,36,G,,0,0,0,2/28/23 0:00,K,36,0,0,,,
K4010B3,K4010B3C,FW,33040010020,A05,BLUE_BIN,,,RELEAS,Y,Y,ALLOC,AK40,1,NORMAL,N,N,10,B,,0,0,0,7/22/22 0:00,K,40,0,0,,,
K4012E1,K4012E1K,FW,33040012050,A11,BLUE_BIN,,,RELEAS,Y,Y,ALLOC,AK40,1,NORMAL,N,N,12,E,,0,0,0,7/22/22 0:00,K,40,0,0,,,
K4201H1,K4201H1F,FW,33042001080,A05,BLUE_BIN,,,RELEAS,Y,Y,ALLOC,AK42,1,NORMAL,N,N,1,H,,0,0,0,8/3/22 0:00,K,42,0,0,,,
K4204D1,K4204D1D,FW,33042004040,A15,BLUE_BIN,,,RELEAS,Y,Y,ALLOC,AK42,1,NORMAL,N,N,4,D,,0,0,0,8/3/22 0:00,K,42,0,0,,,
K4218D1,K4218D1D,FW,33042018040,A11,BLUE_BIN,,,RELEAS,Y,Y,ALLOC,AK42,1,NORMAL,N,N,18,D,,0,0,0,8/3/22 0:00,K,42,0,0,,,
K4224D1,K4224D1B,FW,33042024040,A11,BLUE_BIN,,,RELEAS,Y,Y,ALLOC,AK42,1,NORMAL,N,Y,24,D,,0,0,0,2/26/23 0:00,K,42,0,0,,,
K4232D1,K4232D1E,FW,33042032040,A11,BLUE_BIN,,,RELEAS,Y,Y,ALLOC,AK42,1,NORMAL,N,N,32,D,,0,0,0,8/3/22 0:00,K,42,0,0,,,
K4311A1,K4311A1K,FW,33043011010,A05,BLUE_BIN,,,RELEAS,Y,Y,ALLOC,AK43,1,NORMAL,N,Y,11,A,,0,0,0,2/12/23 0:00,K,43,0,0,,,
K4313D3,K4313D3J,FW,33043013040,A11,BLUE_BIN,,,RELEAS,Y,Y,ALLOC,AK43,1,NORMAL,N,Y,13,D,,0,0,0,7/5/22 0:00,K,43,0,0,,,
K4315B3,K4315B3F,FW,33043015020,A05,BLUE_BIN,,,RELEAS,Y,Y,ALLOC,AK43,1,NORMAL,N,N,15,B,,0,0,0,7/5/22 0:00,K,43,0,0,,,
K4324G1,K4324G1G,FW,33043024070,A05,BLUE_BIN,,,RELEAS,Y,Y,ALLOC,AK43,1,NORMAL,N,Y,24,G,,0,0,0,3/1/23 0:00,K,43,0,0,,,
K4329B3,K4329B3G,FW,33043029020,A05,BLUE_BIN,,,RELEAS,Y,Y,ALLOC,AK43,1,NORMAL,N,Y,29,B,,0,0,0,7/5/22 0:00,K,43,0,0,,,
K4331C3,K4331C3B,FW,33043031030,A13,BLUE_BIN,,,RELEAS,Y,Y,ALLOC,AK43,1,NORMAL,N,N,31,C,,0,0,0,7/5/22 0:00,K,43,0,0,,,
K4516C3,K4516C3H,FW,33045016030,A05,BLUE_BIN,,,RELEAS,Y,Y,ALLOC,AK45,1,NORMAL,N,N,16,C,,0,0,0,8/17/22 0:00,K,45,0,0,,,
K4523C1,K4523C1H,FW,33045023030,A05,BLUE_BIN,,,RELEAS,Y,Y,ALLOC,AK45,1,NORMAL,N,Y,23,C,,0,0,0,2/8/23 0:00,K,45,0,0,,,
K4601A3,K4601A3K,FW,33046001010,A05,BLUE_BIN,,,RELEAS,Y,Y,ALLOC,AK46,1,NORMAL,N,Y,1,A,,0,0,0,11/7/22 0:00,K,46,0,0,,,
K4601F2,K4601F2G,FW,33046001060,A11,BLUE_BIN,,,RELEAS,Y,Y,ALLOC,AK46,1,NORMAL,N,N,1,F,,0,0,0,11/7/22 0:00,K,46,0,0,,,
K4608F1,K4608F1D,FW,33046008060,A11,BLUE_BIN,,,RELEAS,Y,Y,ALLOC,AK46,1,NORMAL,N,N,8,F,,0,0,0,11/7/22 0:00,K,46,0,0,,,
K4618C1,K4618C1F,FW,33046018030,A11,BLUE_BIN,,,RELEAS,Y,Y,ALLOC,AK46,1,NORMAL,N,N,18,C,,0,0,0,11/7/22 0:00,K,46,0,0,,,
K4728H3,K4728H3D,FW,33047028080,A05,BLUE_BIN,,,RELEAS,Y,Y,ALLOC,AK47,1,NORMAL,N,Y,28,H,,0,0,0,3/12/23 0:00,K,47,0,0,,,
K4729B2,K4729B2K,FW,33047029020,A05,BLUE_BIN,,,RELEAS,Y,Y,ALLOC,AK47,1,NORMAL,N,Y,29,B,,0,0,0,10/21/22 0:00,K,47,0,0,,,
K4729D2,K4729D2H,FW,33047029040,A11,BLUE_BIN,,,RELEAS,Y,Y,ALLOC,AK47,1,NORMAL,N,N,29,D,,0,0,0,10/21/22 0:00,K,47,0,0,,,
K4731F3,K4731F3K,FW,33047031060,A11,BLUE_BIN,,,RELEAS,Y,Y,ALLOC,AK47,1,NORMAL,N,N,31,F,,0,0,0,10/21/22 0:00,K,47,0,0,,,
K4834E3,K4834E3C,FW,33048034050,A11,BLUE_BIN,,,RELEAS,Y,Y,ALLOC,AK48,1,NORMAL,N,N,34,E,,0,0,0,6/15/22 0:00,K,48,0,0,,,
K4913G1,K4913G1G,FW,33049013070,A11,BLUE_BIN,,,RELEAS,Y,Y,ALLOC,AK49,1,NORMAL,N,N,13,G,,0,0,0,5/13/22 0:00,K,49,0,0,,,
K4926A1,K4926A1E,FW,33049026010,A05,BLUE_BIN,,,RELEAS,Y,Y,ALLOC,AK49,1,NORMAL,N,Y,26,A,,0,0,0,3/13/23 0:00,K,49,0,0,,,
K4931H1,K4931H1H,FW,33049031080,A11,BLUE_BIN,,,RELEAS,Y,Y,ALLOC,AK49,1,NORMAL,N,N,31,H,,0,0,0,5/13/22 0:00,K,49,0,0,,,
K5012C1,K5012C1A,FW,33050012030,A11,BLUE_BIN,,,RELEAS,Y,Y,ALLOC,AK50,1,NORMAL,N,N,12,C,,0,0,0,5/3/22 0:00,K,50,0,0,,,
N2415G1,N2415G1H,FW,42024015070,A16,SHOES,,,RELEAS,Y,Y,ALLOC,AN24,1,NORMAL,N,N,15,G,,0,0,0,1/26/23 0:00,N,24,0,0,,,
N2430G4,N2430G4A,FW,42024030070,A16,SHOES,,,RELEAS,Y,Y,ALLOC,AN24,1,NORMAL,N,N,30,G,,0,0,0,2/7/22 0:00,N,24,0,0,,,
K3417G4,K3417G4D,FW,33034017070,A05,BLUE_BIN,,,RELEAS,Y,Y,ALLOC,AK34,1,NORMAL,,N,17,G,,0,0,0,3/14/22 0:00,K,34,0,0,,,
H0701A2,H0701A2A,FW,24007001010,A31,SEASONAL,,,RELEAS,Y,Y,ALLOC,AH07,1,NORMAL,,N,1,A,,0,0,0,8/14/22 0:00,H,7,0,0,,,
K4417C2,K4417C2A,FW,33044017030,A11,BLUE_BIN,,,RELEAS,Y,Y,ALLOC,AK44,1,NORMAL,,Y,17,C,,0,0,0,2/20/23 0:00,K,44,0,0,,,
E5020B2,E5020B2F,FW,15050020020,A13,BLUE_BIN,,,RELEAS,Y,Y,ALLOC,AE50,1,NORMAL,N,N,20,B,,0,0,0,11/16/22 0:00,E,50,0,0,,,
H4227D4,H4227D4F,FW,24042027040,A11,BLUE_BIN,,,RELEAS,Y,Y,ALLOC,AH42,1,NORMAL,,N,27,D,,0,0,0,1/25/23 0:00,H,42,0,0,,,
E2632D3,E2632D3G,FW,15026032040,A11,BLUE_BIN,,,RELEAS,Y,Y,ALLOC,AE26,1,NORMAL,,Y,32,D,,0,0,0,7/7/22 0:00,E,26,0,0,,,
H4211D4,H4211D4K,FW,24042011040,A11,BLUE_BIN,,,RELEAS,Y,Y,ALLOC,AH42,1,NORMAL,,N,11,D,,0,0,0,1/25/23 0:00,H,42,0,0,,,
D6723F1,D6723F1E,FW,12067023060,A11,BLUE_BIN,,,RELEAS,Y,Y,ALLOC,AD67,1,NORMAL,N,Y,23,F,,0,0,0,1/24/23 0:00,D,67,0,0,,,
D6732F2,D6732F2D,FW,12067032060,A11,BLUE_BIN,,,RELEAS,Y,Y,ALLOC,AD67,1,NORMAL,N,Y,32,F,,0,0,0,12/26/22 0:00,D,67,0,0,,,
D6733F2,D6733F2B,FW,12067033060,A11,BLUE_BIN,,,RELEAS,Y,Y,ALLOC,AD67,1,NORMAL,N,Y,33,F,,0,0,0,8/11/22 0:00,D,67,0,0,,,
D6739F3,D6739F3G,FW,12067039060,A11,BLUE_BIN,,,RELEAS,Y,Y,ALLOC,AD67,1,NORMAL,N,Y,39,F,,0,0,0,3/23/23 0:00,D,67,0,0,,,
B0025F3,B0025F3A,FW,6000025060,A13,BLUE_BIN,,,RELEAS,Y,Y,ALLOC,AB00,1,NORMAL,,N,25,F,,0,0,0,1/24/23 0:00,B,0,0,0,,,
H1114C2,H1114C2D,FW,24011014030,A05,BLUE_BIN,,,RELEAS,Y,Y,ALLOC,AH11,1,NORMAL,,N,14,C,,0,0,0,7/21/22 0:00,H,11,0,0,,,
U0810A1,U0810A1A,FW,63008010010,A39,STCK_FRAME,,,RELEAS,Y,Y,ALLOC,AU08,1,NORMAL,,N,10,A,,0,0,0,11/14/22 0:00,U,8,0,0,,,
K4534G4,K4534G4E,FW,33045034070,A05,BLUE_BIN,,,RELEAS,Y,Y,ALLOC,AK45,1,NORMAL,,N,34,G,,0,0,0,8/17/22 0:00,K,45,0,0,,,
H5022B2,H5022B2F,FW,24050022020,A05,BLUE_BIN,,,RELEAS,Y,Y,ALLOC,AH50,1,NORMAL,,N,22,B,,0,0,0,5/24/22 0:00,H,50,0,0,,,
J1004F3,J1004F3G,FW,30010004060,A15,BLUE_BIN,,,RELEAS,Y,Y,ALLOC,AJ10,1,NORMAL,,N,4,F,,0,0,0,2/25/22 0:00,J,10,0,0,,,
J1012F3,J1012F3K,FW,30010012060,A15,BLUE_BIN,,,RELEAS,Y,Y,ALLOC,AJ10,1,NORMAL,,N,12,F,,0,0,0,2/26/22 0:00,J,10,0,0,,,
K3913A2,K3913A2B,FW,33039013010,A05,BLUE_BIN,,,RELEAS,Y,Y,ALLOC,AK39,1,NORMAL,,Y,13,A,,0,0,0,2/16/23 0:00,K,39,0,0,,,
K3831A5,K3831A5J,FW,33038031010,A05,BLUE_BIN,,,RELEAS,Y,Y,ALLOC,AK38,1,NORMAL,,Y,31,A,,0,0,0,12/22/22 0:00,K,38,0,0,,,
H5019B2,H5019B2B,FW,24050019020,A05,BLUE_BIN,,,RELEAS,Y,Y,ALLOC,AH50,1,NORMAL,,N,19,B,,0,0,0,5/24/22 0:00,H,50,0,0,,,
C1306C2,C1306C2G,FW,9013006030,A13,BLUE_BIN,,,RELEAS,Y,Y,ALLOC,AC13,1,NORMAL,,N,6,C,,0,0,0,11/11/22 0:00,C,13,0,0,,,
A1511A3,A1511A3F,FW,3015011010,A11,BLUE_BIN,,,RELEAS,Y,Y,ALLOC,AA15,1,NORMAL,,N,11,A,,0,0,0,1/24/23 0:00,A,15,0,0,,,
K3302D1,K3302D1G,FW,33033002040,A11,BLUE_BIN,,,RELEAS,Y,Y,ALLOC,AK33,1,NORMAL,,N,2,D,,0,0,0,1/26/23 0:00,K,33,0,0,,,
A1906C2,A1906C2H,FW,3019006030,A13,BLUE_BIN,,,RELEAS,Y,Y,ALLOC,AA19,1,NORMAL,,N,6,C,,0,0,0,1/24/23 0:00,A,19,0,0,,,
J2428F3,J2428F3G,FW,30024028060,A15,BLUE_BIN,,,RELEAS,Y,Y,ALLOC,AJ24,1,NORMAL,,N,28,F,,0,0,0,1/26/23 0:00,J,24,0,0,,,
G4132H3,G4132H3H,FW,21041032080,A05,BLUE_BIN,,,RELEAS,Y,Y,ALLOC,AG41,1,NORMAL,,N,32,H,,0,0,0,9/22/22 0:00,G,41,0,0,,,
C4338F1,C4338F1F,FW,9043038060,A18,SHOES,,,RELEAS,Y,Y,ALLOC,AC43,1,NORMAL,,N,38,F,,0,0,0,9/13/22 0:00,C,43,0,0,,,
K3310C3,K3310C3G,FW,33033010030,A11,BLUE_BIN,,,RELEAS,Y,Y,ALLOC,AK33,1,NORMAL,,N,10,C,,0,0,0,1/26/23 0:00,K,33,0,0,,,
J4705B1,J4705B1D,FW,30047005020,A05,BLUE_BIN,,,RELEAS,Y,Y,ALLOC,AJ47,1,NORMAL,,N,5,B,,0,0,0,1/26/23 0:00,J,47,0,0,,,
J4719B1,J4719B1E,FW,30047019020,A05,BLUE_BIN,,,RELEAS,Y,Y,ALLOC,AJ47,1,NORMAL,,N,19,B,,0,0,0,3/3/22 0:00,J,47,0,0,,,
H4318F3,H4318F3C,FW,24043018060,A11,BLUE_BIN,,,RELEAS,Y,Y,ALLOC,AH43,1,NORMAL,,N,18,F,,0,0,0,4/21/22 0:00,H,43,0,0,,,
C5105E1,C5105E1J,FW,9051005050,A16,SHOES,,,RELEAS,Y,Y,ALLOC,AC51,1,NORMAL,,N,5,E,,0,0,0,8/15/22 0:00,C,51,0,0,,,
G4604D1,G4604D1D,FW,21046004040,A13,BLUE_BIN,,,RELEAS,Y,Y,ALLOC,AG46,1,NORMAL,,N,4,D,,0,0,0,1/25/23 0:00,G,46,0,0,,,
B2312E2,B2312E2D,FW,6023012050,A13,BLUE_BIN,,,RELEAS,Y,Y,ALLOC,AB23,1,NORMAL,,N,12,E,,0,0,0,7/12/22 0:00,B,23,0,0,,,
B2327D2,B2327D2C,FW,6023027040,A11,BLUE_BIN,,,RELEAS,Y,Y,ALLOC,AB23,1,NORMAL,,N,27,D,,0,0,0,7/5/22 0:00,B,23,0,0,,,
B2329E1,B2329E1K,FW,6023029050,A11,BLUE_BIN,,,RELEAS,Y,Y,ALLOC,AB23,1,NORMAL,,N,29,E,,0,0,0,8/1/22 0:00,B,23,0,0,,,
K4722B2,K4722B2E,FW,33047022020,A05,BLUE_BIN,,,RELEAS,Y,Y,ALLOC,AK47,1,NORMAL,,Y,22,B,,0,0,0,10/21/22 0:00,K,47,0,0,,,
E2526F3,E2526F3J,FW,15025026060,A11,BLUE_BIN,,,RELEAS,Y,Y,ALLOC,AE25,1,NORMAL,,Y,26,F,,0,0,0,10/6/22 0:00,E,25,0,0,,,
E2618E3,E2618E3E,FW,15026018050,A11,BLUE_BIN,,,RELEAS,Y,Y,ALLOC,AE26,1,NORMAL,,Y,18,E,,0,0,0,11/8/22 0:00,E,26,0,0,,,
F4036B1,F4036B1C,FW,18040036020,A05,BLUE_BIN,,,RELEAS,Y,Y,ALLOC,AF40,1,NORMAL,,N,36,B,,0,0,0,9/29/22 0:00,F,40,0,0,,,
J3629E3,J3629E3K,FW,30036029050,A13,BLUE_BIN,,,RELEAS,Y,Y,ALLOC,AJ36,1,NORMAL,,N,29,E,,0,0,0,7/11/22 0:00,J,36,0,0,,,
F4422F3,F4422F3G,FW,18044022060,A11,BLUE_BIN,,,RELEAS,Y,Y,ALLOC,AF44,1,NORMAL,,N,22,F,,0,0,0,9/14/22 0:00,F,44,0,0,,,
J2316F3,J2316F3D,FW,30023016060,A11,BLUE_BIN,,,RELEAS,Y,Y,ALLOC,AJ23,1,NORMAL,,N,16,F,,0,0,0,7/26/22 0:00,J,23,0,0,,,
J4813C1,J4813C1E,FW,30048013030,A11,BLUE_BIN,,,RELEAS,Y,Y,ALLOC,AJ48,1,NORMAL,,N,13,C,,0,0,0,11/4/22 0:00,J,48,0,0,,,
J2305F3,J2305F3G,FW,30023005060,A11,BLUE_BIN,,,RELEAS,Y,Y,ALLOC,AJ23,1,NORMAL,,N,5,F,,0,0,0,2/15/22 0:00,J,23,0,0,,,
J2032D2,J2032D2A,FW,30020032040,A11,BLUE_BIN,,,RELEAS,Y,Y,ALLOC,AJ20,1,NORMAL,,N,32,D,,0,0,0,11/2/22 0:00,J,20,0,0,,,
O6204A1,O6204A1F,FW,45062004010,A39,SWING,,,RELEAS,Y,Y,ALLOC,AO62,1,NORMAL,N,N,4,A,,0,0,0,1/23/23 0:00,O,62,0,0,,,
H0723A2,H0723A2E,FW,24007023010,A31,SEASONAL,,,RELEAS,Y,Y,ALLOC,AH07,1,NORMAL,,N,23,A,,0,0,0,1/25/23 0:00,H,7,0,0,,,
K4319C3,K4319C3G,FW,33043019030,A13,BLUE_BIN,,,RELEAS,Y,Y,ALLOC,AK43,1,NORMAL,,N,19,C,,0,0,0,7/5/22 0:00,K,43,0,0,,,
K3429G1,K3429G1E,FW,33034029070,A05,BLUE_BIN,,,RELEAS,Y,Y,ALLOC,AK34,1,NORMAL,,Y,29,G,,0,0,0,2/17/23 0:00,K,34,0,0,,,
J1120F3,J1120F3A,FW,30011020060,A15,BLUE_BIN,,,RELEAS,Y,Y,ALLOC,AJ11,1,NORMAL,,N,20,F,,0,0,0,10/17/22 0:00,J,11,0,0,,,
K4313G2,K4313G2H,FW,33043013070,A05,BLUE_BIN,,,RELEAS,Y,Y,ALLOC,AK43,1,NORMAL,,Y,13,G,,0,0,0,7/5/22 0:00,K,43,0,0,,,
C4724G4,C4724G4K,FW,9047024070,A16,SHOES,,,RELEAS,Y,Y,ALLOC,AC47,1,NORMAL,,N,24,G,,0,0,0,3/16/22 0:00,C,47,0,0,,,
E4305G1,E4305G1J,FW,15043005070,A15,BLUE_BIN,,,RELEAS,Y,Y,ALLOC,AE43,1,NORMAL,,N,5,G,,0,0,0,1/25/23 0:00,E,43,0,0,,,
E2616D2,E2616D2B,FW,15026016040,A11,BLUE_BIN,,,RELEAS,Y,Y,ALLOC,AE26,1,NORMAL,,Y,16,D,,0,0,0,3/15/23 0:00,E,26,0,0,,,
K4332B3,K4332B3A,FW,33043032020,A05,BLUE_BIN,,,RELEAS,Y,Y,ALLOC,AK43,1,NORMAL,,N,32,B,,0,0,0,7/5/22 0:00,K,43,0,0,,,
E2621E2,E2621E2A,FW,15026021050,A11,BLUE_BIN,,,RELEAS,Y,Y,ALLOC,AE26,1,NORMAL,,Y,21,E,,0,0,0,2/21/23 0:00,E,26,0,0,,,
K4736G2,K4736G2K,FW,33047036070,A05,BLUE_BIN,,,RELEAS,Y,Y,ALLOC,AK47,1,NORMAL,,Y,36,G,,0,0,0,3/10/23 0:00,K,47,0,0,,,
F2703G1,F2703G1E,FW,18027003070,A05,BLUE_BIN,,,RELEAS,Y,Y,ALLOC,AF27,1,NORMAL,,N,3,G,,0,0,0,8/25/22 0:00,F,27,0,0,,,
H0703A2,H0703A2G,FW,24007003010,A31,SEASONAL,,,RELEAS,Y,Y,ALLOC,AH07,1,NORMAL,,N,3,A,,0,0,0,1/25/23 0:00,H,7,0,0,,,
J2123G2,J2123G2E,FW,30021023070,A05,BLUE_BIN,,,RELEAS,Y,Y,ALLOC,AJ21,1,NORMAL,,N,23,G,,0,0,0,10/5/22 0:00,J,21,0,0,,,
K4805C4,K4805C4C,FW,33048005030,A11,BLUE_BIN,,,RELEAS,Y,Y,ALLOC,AK48,1,NORMAL,,N,5,C,,0,0,0,6/15/22 0:00,K,48,0,0,,,
K4811F2,K4811F2B,FW,33048011060,A11,BLUE_BIN,,,RELEAS,Y,Y,ALLOC,AK48,1,NORMAL,,N,11,F,,0,0,0,6/15/22 0:00,K,48,0,0,,,
F4402D5,F4402D5F,FW,18044002040,A11,BLUE_BIN,,,RELEAS,Y,Y,ALLOC,AF44,1,NORMAL,,N,2,D,,0,0,0,9/14/22 0:00,F,44,0,0,,,
K4818C4,K4818C4F,FW,33048018030,A11,BLUE_BIN,,,RELEAS,Y,Y,ALLOC,AK48,1,NORMAL,,N,18,C,,0,0,0,6/15/22 0:00,K,48,0,0,,,
H0711A2,H0711A2K,FW,24007011010,A31,SEASONAL,,,RELEAS,Y,Y,ALLOC,AH07,1,NORMAL,,N,11,A,,0,0,0,1/25/23 0:00,H,7,0,0,,,
J3622D3,J3622D3F,FW,30036022040,A13,BLUE_BIN,,,RELEAS,Y,Y,ALLOC,AJ36,1,NORMAL,,N,22,D,,0,0,0,7/11/22 0:00,J,36,0,0,,,
J3629F3,J3629F3J,FW,30036029060,A13,BLUE_BIN,,,RELEAS,Y,Y,ALLOC,AJ36,1,NORMAL,,N,29,F,,0,0,0,7/11/22 0:00,J,36,0,0,,,
F4401E3,F4401E3B,FW,18044001050,A11,BLUE_BIN,,,RELEAS,Y,Y,ALLOC,AF44,1,NORMAL,,N,1,E,,0,0,0,9/14/22 0:00,F,44,0,0,,,
K4835C3,K4835C3B,FW,33048035030,A11,BLUE_BIN,,,RELEAS,Y,Y,ALLOC,AK48,1,NORMAL,,N,35,C,,0,0,0,6/15/22 0:00,K,48,0,0,,,
K4814C2,K4814C2J,FW,33048014030,A11,BLUE_BIN,,,RELEAS,Y,Y,ALLOC,AK48,1,NORMAL,,N,14,C,,0,0,0,6/15/22 0:00,K,48,0,0,,,
B2620A2,B2620A2D,FW,6026020010,A11,BLUE_BIN,,,RELEAS,Y,Y,ALLOC,AB26,1,NORMAL,,N,20,A,,0,0,0,11/11/22 0:00,B,26,0,0,,,
G2524F2,G2524F2B,FW,21025024060,A13,BLUE_BIN,,,RELEAS,Y,Y,ALLOC,AG25,1,NORMAL,,N,24,F,,0,0,0,1/25/23 0:00,G,25,0,0,,,
G2526D2,G2526D2J,FW,21025026040,A13,BLUE_BIN,,,RELEAS,Y,Y,ALLOC,AG25,1,NORMAL,,N,26,D,,0,0,0,3/8/22 0:00,G,25,0,0,,,
G2520F2,G2520F2K,FW,21025020060,A13,BLUE_BIN,,,RELEAS,Y,Y,ALLOC,AG25,1,NORMAL,,N,20,F,,0,0,0,1/25/23 0:00,G,25,0,0,,,
F2709E2,F2709E2B,FW,18027009050,A05,BLUE_BIN,,,RELEAS,Y,Y,ALLOC,AF27,1,NORMAL,,N,9,E,,0,0,0,8/25/22 0:00,F,27,0,0,,,
H4412F2,H4412F2F,FW,24044012060,A11,BLUE_BIN,,,RELEAS,Y,Y,ALLOC,AH44,1,NORMAL,,N,12,F,,0,0,0,6/9/22 0:00,H,44,0,0,,,
E2605D4,E2605D4A,FW,15026005040,A11,BLUE_BIN,,,RELEAS,Y,Y,ALLOC,AE26,1,NORMAL,,Y,5,D,,0,0,0,8/18/22 0:00,E,26,0,0,,,
K4736G4,K4736G4F,FW,33047036070,A05,BLUE_BIN,,,RELEAS,Y,Y,ALLOC,AK47,1,NORMAL,,Y,36,G,,0,0,0,10/21/22 0:00,K,47,0,0,,,
H1735F4,H1735F4J,FW,24017035060,A11,BLUE_BIN,,,RELEAS,Y,Y,ALLOC,AH17,1,NORMAL,,N,35,F,,0,0,0,2/25/22 0:00,H,17,0,0,,,
K3614G2,K3614G2K,FW,33036014070,A05,BLUE_BIN,,,RELEAS,Y,Y,ALLOC,AK36,1,NORMAL,,Y,14,G,,0,0,0,10/27/22 0:00,K,36,0,0,,,
K3425G2,K3425G2A,FW,33034025070,A05,BLUE_BIN,,,RELEAS,Y,Y,ALLOC,AK34,1,NORMAL,,Y,25,G,,0,0,0,9/20/22 0:00,K,34,0,0,,,
K3421G4,K3421G4F,FW,33034021070,A05,BLUE_BIN,,,RELEAS,Y,Y,ALLOC,AK34,1,NORMAL,,N,21,G,,0,0,0,1/26/23 0:00,K,34,0,0,,,
K4721G2,K4721G2B,FW,33047021070,A05,BLUE_BIN,,,RELEAS,Y,Y,ALLOC,AK47,1,NORMAL,,Y,21,G,,0,0,0,10/21/22 0:00,K,47,0,0,,,
K4532B4,K4532B4D,FW,33045032020,A05,BLUE_BIN,,,RELEAS,Y,Y,ALLOC,AK45,1,NORMAL,,N,32,B,,0,0,0,8/17/22 0:00,K,45,0,0,,,
J3512F2,J3512F2J,FW,30035012060,A13,BLUE_BIN,,,RELEAS,Y,Y,ALLOC,AJ35,1,NORMAL,,N,12,F,,0,0,0,5/26/22 0:00,J,35,0,0,,,
E3124F4,E3124F4K,FW,15031024060,A11,BLUE_BIN,,,RELEAS,Y,Y,ALLOC,AE31,1,NORMAL,,Y,24,F,,0,0,0,3/20/23 0:00,E,31,0,0,,,
G2913C4,G2913C4F,FW,21029013030,A11,BLUE_BIN,,,RELEAS,Y,Y,ALLOC,AG29,1,NORMAL,,N,13,C,,0,0,0,9/1/22 0:00,G,29,0,0,,,
K3311E2,K3311E2E,FW,33033011050,A11,BLUE_BIN,,,RELEAS,Y,Y,ALLOC,AK33,1,NORMAL,,N,11,E,,0,0,0,1/26/23 0:00,K,33,0,0,,,
K4918D2,K4918D2G,FW,33049018040,A05,BLUE_BIN,,,RELEAS,Y,Y,ALLOC,AK49,1,NORMAL,,Y,18,D,,0,0,0,2/28/23 0:00,K,49,0,0,,,
K4728G2,K4728G2G,FW,33047028070,A05,BLUE_BIN,,,RELEAS,Y,Y,ALLOC,AK47,1,NORMAL,,Y,28,G,,0,0,0,10/21/22 0:00,K,47,0,0,,,
H4309E4,H4309E4A,FW,24043009050,A11,BLUE_BIN,,,RELEAS,Y,Y,ALLOC,AH43,1,NORMAL,,N,9,E,,0,0,0,1/25/23 0:00,H,43,0,0,,,
H4329F4,H4329F4H,FW,24043029060,A11,BLUE_BIN,,,RELEAS,Y,Y,ALLOC,AH43,1,NORMAL,,N,29,F,,0,0,0,1/25/23 0:00,H,43,0,0,,,
K4516C2,K4516C2K,FW,33045016030,A05,BLUE_BIN,,,RELEAS,Y,Y,ALLOC,AK45,1,NORMAL,,N,16,C,,0,0,0,8/17/22 0:00,K,45,0,0,,,
J5022C2,J5022C2K,FW,30050022030,A11,BLUE_BIN,,,RELEAS,Y,Y,ALLOC,AJ50,1,NORMAL,,N,22,C,,0,0,0,5/30/22 0:00,J,50,0,0,,,
J4808D4,J4808D4H,FW,30048008040,A11,BLUE_BIN,,,RELEAS,Y,Y,ALLOC,AJ48,1,NORMAL,,N,8,D,,0,0,0,11/4/22 0:00,J,48,0,0,,,
G4123G2,G4123G2K,FW,21041023070,A05,BLUE_BIN,,,RELEAS,Y,Y,ALLOC,AG41,1,NORMAL,,N,23,G,,0,0,0,9/26/22 0:00,G,41,0,0,,,
F4411E4,F4411E4J,FW,18044011050,A11,BLUE_BIN,,,RELEAS,Y,Y,ALLOC,AF44,1,NORMAL,,N,11,E,,0,0,0,9/14/22 0:00,F,44,0,0,,,
B1636C2,B1636C2J,FW,6016036030,A11,BLUE_BIN,,,RELEAS,Y,Y,ALLOC,AB16,1,NORMAL,,N,36,C,,0,0,0,11/10/22 0:00,B,16,0,0,,,
H4330F4,H4330F4F,FW,24043030060,A11,BLUE_BIN,,,RELEAS,Y,Y,ALLOC,AH43,1,NORMAL,,N,30,F,,0,0,0,1/25/23 0:00,H,43,0,0,,,
J4821E2,J4821E2D,FW,30048021050,A11,BLUE_BIN,,,RELEAS,Y,Y,ALLOC,AJ48,1,NORMAL,,N,21,E,,0,0,0,11/4/22 0:00,J,48,0,0,,,
J4627E2,J4627E2E,FW,30046027050,A11,BLUE_BIN,,,RELEAS,Y,Y,ALLOC,AJ46,1,NORMAL,,N,27,E,,0,0,0,8/16/22 0:00,J,46,0,0,,,
J4816F2,J4816F2C,FW,30048016060,A11,BLUE_BIN,,,RELEAS,Y,Y,ALLOC,AJ48,1,NORMAL,,N,16,F,,0,0,0,11/4/22 0:00,J,48,0,0,,,
S1024A1,S1024A1B,FW,57010024010,A27,BIGSHOE,,,RELEAS,Y,Y,ALLOC,AS10,1,NORMAL,N,N,24,A,,0,0,0,1/26/23 0:00,S,10,0,0,,,
J4625F2,J4625F2H,FW,30046025060,A11,BLUE_BIN,,,RELEAS,Y,Y,ALLOC,AJ46,1,NORMAL,,N,25,F,,0,0,0,8/16/22 0:00,J,46,0,0,,,
J4606F2,J4606F2H,FW,30046006060,A11,BLUE_BIN,,,RELEAS,Y,Y,ALLOC,AJ46,1,NORMAL,,N,6,F,,0,0,0,8/16/22 0:00,J,46,0,0,,,
J4507F4,J4507F4D,FW,30045007060,A11,BLUE_BIN,,,RELEAS,Y,Y,ALLOC,AJ45,1,NORMAL,,N,7,F,,0,0,0,6/27/22 0:00,J,45,0,0,,,
J4505F4,J4505F4H,FW,30045005060,A11,BLUE_BIN,,,RELEAS,Y,Y,ALLOC,AJ45,1,NORMAL,,N,5,F,,0,0,0,6/27/22 0:00,J,45,0,0,,,
K3402G2,K3402G2K,FW,33034002070,A05,BLUE_BIN,,,RELEAS,Y,Y,ALLOC,AK34,1,NORMAL,,Y,2,G,,0,0,0,1/3/23 0:00,K,34,0,0,,,
K3722C1,K3722C1G,FW,33037022030,A11,BLUE_BIN,,,RELEAS,Y,Y,ALLOC,AK37,1,NORMAL,,N,22,C,,0,0,0,10/19/22 0:00,K,37,0,0,,,
G1307D4,G1307D4A,FW,21013007040,A11,BLUE_BIN,,,RELEAS,Y,Y,ALLOC,AG13,1,NORMAL,,N,7,D,,0,0,0,3/2/22 0:00,G,13,0,0,,,
H0801A1,H0801A1A,FW,24008001010,A31,SEASONAL,,,RELEAS,Y,Y,ALLOC,AH08,1,NORMAL,,N,1,A,,0,0,0,9/19/22 0:00,H,8,0,0,,,
H7823A1,H7823A1H,FW,24078023010,A11,D5AREA,,,RELEAS,Y,Y,ALLOC,AH78,1,NORMAL,,N,23,A,,0,0,0,11/15/22 0:00,H,78,0,0,,,
N4103B2,N4103B2A,FW,42041003020,A16,SHOES,,,RELEAS,Y,Y,ALLOC,AN41,1,NORMAL,N,N,3,B,,0,0,0,1/26/23 0:00,N,41,0,0,,,
N4106A2,N4106A2E,FW,42041006010,A16,SHOES,,,RELEAS,Y,Y,ALLOC,AN41,1,NORMAL,N,N,6,A,,0,0,0,1/26/23 0:00,N,41,0,0,,,
U2302A1,U2302A1G,FW,63023002010,A39,STCK_FRAME,,,RELEAS,Y,Y,ALLOC,AU23,1,NORMAL,N,N,2,A,,0,0,0,3/29/22 0:00,U,23,0,0,,,
N4616B4,N4616B4H,FW,42046016020,A16,SHOES,,,RELEAS,Y,Y,ALLOC,AN46,1,NORMAL,N,N,16,B,,0,0,0,7/6/22 0:00,N,46,0,0,,,
N4617A4,N4617A4G,FW,42046017010,A16,SHOES,,,RELEAS,Y,Y,ALLOC,AN46,1,NORMAL,N,N,17,A,,0,0,0,7/6/22 0:00,N,46,0,0,,,
N4617B4,N4617B4F,FW,42046017020,A16,SHOES,,,RELEAS,Y,Y,ALLOC,AN46,1,NORMAL,N,N,17,B,,0,0,0,7/6/22 0:00,N,46,0,0,,,
N4618A4,N4618A4E,FW,42046018010,A16,SHOES,,,RELEAS,Y,Y,ALLOC,AN46,1,NORMAL,N,N,18,A,,0,0,0,7/6/22 0:00,N,46,0,0,,,
N4618B4,N4618B4D,FW,42046018020,A16,SHOES,,,RELEAS,Y,Y,ALLOC,AN46,1,NORMAL,N,N,18,B,,0,0,0,7/6/22 0:00,N,46,0,0,,,
N4619A4,N4619A4C,FW,42046019010,A16,SHOES,,,RELEAS,Y,Y,ALLOC,AN46,1,NORMAL,N,N,19,A,,0,0,0,7/6/22 0:00,N,46,0,0,,,
N4619B4,N4619B4B,FW,42046019020,A16,SHOES,,,RELEAS,Y,Y,ALLOC,AN46,1,NORMAL,N,N,19,B,,0,0,0,7/6/22 0:00,N,46,0,0,,,
N4620A4,N4620A4A,FW,42046020010,A16,SHOES,,,RELEAS,Y,Y,ALLOC,AN46,1,NORMAL,N,N,20,A,,0,0,0,7/6/22 0:00,N,46,0,0,,,
N4620B4,N4620B4K,FW,42046020020,A16,SHOES,,,RELEAS,Y,Y,ALLOC,AN46,1,NORMAL,N,N,20,B,,0,0,0,7/6/22 0:00,N,46,0,0,,,
N4621A4,N4621A4J,FW,42046021010,A16,SHOES,,,RELEAS,Y,Y,ALLOC,AN46,1,NORMAL,N,N,21,A,,0,0,0,7/6/22 0:00,N,46,0,0,,,
N4602F3,N4602F3F,FW,42046002060,A16,SHOES,,,RELEAS,Y,Y,ALLOC,AN46,1,NORMAL,N,N,2,F,,0,0,0,7/6/22 0:00,N,46,0,0,,,
N4616F3,N4616F3F,FW,42046016060,A16,SHOES,,,RELEAS,Y,Y,ALLOC,AN46,1,NORMAL,N,N,16,F,,0,0,0,7/6/22 0:00,N,46,0,0,,,
N4617F3,N4617F3D,FW,42046017060,A16,SHOES,,,RELEAS,Y,Y,ALLOC,AN46,1,NORMAL,N,N,17,F,,0,0,0,7/6/22 0:00,N,46,0,0,,,
N4618F3,N4618F3B,FW,42046018060,A16,SHOES,,,RELEAS,Y,Y,ALLOC,AN46,1,NORMAL,N,N,18,F,,0,0,0,7/6/22 0:00,N,46,0,0,,,
N4619F3,N4619F3K,FW,42046019060,A16,SHOES,,,RELEAS,Y,Y,ALLOC,AN46,1,NORMAL,N,N,19,F,,0,0,0,7/6/22 0:00,N,46,0,0,,,
N4621F3,N4621F3F,FW,42046021060,A16,SHOES,,,RELEAS,Y,Y,ALLOC,AN46,1,NORMAL,N,N,21,F,,0,0,0,7/6/22 0:00,N,46,0,0,,,
N4622F3,N4622F3D,FW,42046022060,A16,SHOES,,,RELEAS,Y,Y,ALLOC,AN46,1,NORMAL,N,N,22,F,,0,0,0,7/6/22 0:00,N,46,0,0,,,
N4623F3,N4623F3B,FW,42046023060,A16,SHOES,,,RELEAS,Y,Y,ALLOC,AN46,1,NORMAL,N,N,23,F,,0,0,0,7/6/22 0:00,N,46,0,0,,,
N4624F3,N4624F3K,FW,42046024060,A16,SHOES,,,RELEAS,Y,Y,ALLOC,AN46,1,NORMAL,N,N,24,F,,0,0,0,7/6/22 0:00,N,46,0,0,,,
N4625F3,N4625F3G,FW,42046025060,A16,SHOES,,,RELEAS,Y,Y,ALLOC,AN46,1,NORMAL,N,N,25,F,,0,0,0,7/6/22 0:00,N,46,0,0,,,
N4626F3,N4626F3E,FW,42046026060,A16,SHOES,,,RELEAS,Y,Y,ALLOC,AN46,1,NORMAL,N,N,26,F,,0,0,0,7/6/22 0:00,N,46,0,0,,,
C5609G4,C5609G4B,FW,9056009070,A16,SHOES,,,RELEAS,Y,Y,ALLOC,AC56,1,NORMAL,,N,9,G,,0,0,0,11/11/22 0:00,C,56,0,0,,,
N4009E3,N4009E3E,FW,42040009050,A18,SHOES,,,RELEAS,Y,Y,ALLOC,AN40,1,NORMAL,N,N,9,E,,0,0,0,9/18/22 0:00,N,40,0,0,,,
N3422C1,N3422C1G,FW,42034022030,A18,SHOES,,,RELEAS,Y,Y,ALLOC,AN34,1,NORMAL,N,N,22,C,,0,0,0,10/12/22 0:00,N,34,0,0,,,
N3518D1,N3518D1A,FW,42035018040,A18,SHOES,,,RELEAS,Y,Y,ALLOC,AN35,1,NORMAL,N,N,18,D,,0,0,0,10/3/22 0:00,N,35,0,0,,,
N3706E1,N3706E1A,FW,42037006050,A18,SHOES,,,RELEAS,Y,Y,ALLOC,AN37,1,NORMAL,N,N,6,E,,0,0,0,1/26/23 0:00,N,37,0,0,,,
U1505A1,U1505A1F,FW,63015005010,A39,STCK_FRAME,,,RELEAS,Y,Y,ALLOC,AU15,1,NORMAL,N,N,5,A,,0,0,0,11/14/22 0:00,U,15,0,0,,,
B2305E4,B2305E4D,FW,6023005050,A11,BLUE_BIN,,,RELEAS,Y,Y,ALLOC,AB23,1,NORMAL,,N,5,E,,0,0,0,3/9/22 0:00,B,23,0,0,,,
H2113C5,H2113C5H,FW,24021013030,A05,BLUE_BIN,,,RELEAS,Y,Y,ALLOC,AH21,1,NORMAL,,N,13,C,,0,0,0,2/7/22 0:00,H,21,0,0,,,
J2312F2,J2312F2E,FW,30023012060,A11,BLUE_BIN,,,RELEAS,Y,Y,ALLOC,AJ23,1,NORMAL,,N,12,F,,0,0,0,2/15/22 0:00,J,23,0,0,,,
J2311F2,J2311F2G,FW,30023011060,A11,BLUE_BIN,,,RELEAS,Y,Y,ALLOC,AJ23,1,NORMAL,,N,11,F,,0,0,0,2/7/22 0:00,J,23,0,0,,,
J2303D2,J2303D2F,FW,30023003040,A11,BLUE_BIN,,,RELEAS,Y,Y,ALLOC,AJ23,1,NORMAL,,N,3,D,,0,0,0,6/16/22 0:00,J,23,0,0,,,
H2137F5,H2137F5D,FW,24021037060,A05,BLUE_BIN,,,RELEAS,Y,Y,ALLOC,AH21,1,NORMAL,,N,37,F,,0,0,0,1/25/23 0:00,H,21,0,0,,,
K3823G5,K3823G5K,FW,33038023070,A05,BLUE_BIN,,,RELEAS,Y,Y,ALLOC,AK38,1,NORMAL,,N,23,G,,0,0,0,1/26/23 0:00,K,38,0,0,,,
K3820G5,K3820G5F,FW,33038020070,A05,BLUE_BIN,,,RELEAS,Y,Y,ALLOC,AK38,1,NORMAL,,N,20,G,,0,0,0,1/26/23 0:00,K,38,0,0,,,
J1404D4,J1404D4J,FW,30014004040,A11,BLUE_BIN,,,RELEAS,Y,Y,ALLOC,AJ14,1,NORMAL,,N,4,D,,0,0,0,1/26/23 0:00,J,14,0,0,,,
B1708D4,B1708D4A,FW,6017008040,A11,BLUE_BIN,,,RELEAS,Y,Y,ALLOC,AB17,1,NORMAL,,N,8,D,,0,0,0,7/6/22 0:00,B,17,0,0,,,
B5814B6,B5814B6K,FW,6058014020,A31,SEASONAL,,,RELEAS,Y,Y,ALLOC,AB58,1,NORMAL,,N,14,B,,0,0,0,8/18/22 0:00,B,58,0,0,,,
J2632A6,J2632A6B,FW,30026032010,A05,BLUE_BIN,,,RELEAS,Y,Y,ALLOC,AJ26,1,NORMAL,N,N,32,A,,0,0,0,1/26/23 0:00,J,26,0,0,,,
E2513F4,E2513F4E,FW,15025013060,A11,BLUE_BIN,,,RELEAS,Y,Y,ALLOC,AE25,1,NORMAL,,Y,13,F,,0,0,0,3/19/23 0:00,E,25,0,0,,,
E2515F2,E2515F2D,FW,15025015060,A11,BLUE_BIN,,,RELEAS,Y,Y,ALLOC,AE25,1,NORMAL,,Y,15,F,,0,0,0,2/6/23 0:00,E,25,0,0,,,
F4016E4,F4016E4F,FW,18040016050,A11,BLUE_BIN,,,RELEAS,Y,Y,ALLOC,AF40,1,NORMAL,,N,16,E,,0,0,0,9/29/22 0:00,F,40,0,0,,,
H1711F4,H1711F4K,FW,24017011060,A11,BLUE_BIN,,,RELEAS,Y,Y,ALLOC,AH17,1,NORMAL,,N,11,F,,0,0,0,2/15/22 0:00,H,17,0,0,,,
H1729F4,H1729F4B,FW,24017029060,A11,BLUE_BIN,,,RELEAS,Y,Y,ALLOC,AH17,1,NORMAL,,N,29,F,,0,0,0,1/25/23 0:00,H,17,0,0,,,
H1733F4,H1733F4D,FW,24017033060,A11,BLUE_BIN,,,RELEAS,Y,Y,ALLOC,AH17,1,NORMAL,,N,33,F,,0,0,0,1/25/23 0:00,H,17,0,0,,,
J3915E2,J3915E2E,FW,30039015050,A11,BLUE_BIN,,,RELEAS,Y,Y,ALLOC,AJ39,1,NORMAL,,N,15,E,,0,0,0,2/24/22 0:00,J,39,0,0,,,
G2926F4,G2926F4E,FW,21029026060,A11,BLUE_BIN,,,RELEAS,Y,Y,ALLOC,AG29,1,NORMAL,,N,26,F,,0,0,0,9/1/22 0:00,G,29,0,0,,,
H1710F4,H1710F4B,FW,24017010060,A11,BLUE_BIN,,,RELEAS,Y,Y,ALLOC,AH17,1,NORMAL,,N,10,F,,0,0,0,2/24/22 0:00,H,17,0,0,,,
F4439C4,F4439C4B,FW,18044039030,A11,BLUE_BIN,,,RELEAS,Y,Y,ALLOC,AF44,1,NORMAL,,N,39,C,,0,0,0,9/14/22 0:00,F,44,0,0,,,
F4442F4,F4442F4C,FW,18044042060,A11,BLUE_BIN,,,RELEAS,Y,Y,ALLOC,AF44,1,NORMAL,,N,42,F,,0,0,0,9/14/22 0:00,F,44,0,0,,,
F4634C2,F4634C2B,FW,18046034030,A11,BLUE_BIN,,,RELEAS,Y,Y,ALLOC,AF46,1,NORMAL,,N,34,C,,0,0,0,5/27/22 0:00,F,46,0,0,,,
F4634E2,F4634E2K,FW,18046034050,A11,BLUE_BIN,,,RELEAS,Y,Y,ALLOC,AF46,1,NORMAL,,N,34,E,,0,0,0,5/27/22 0:00,F,46,0,0,,,
G4206F4,G4206F4K,FW,21042006060,A11,BLUE_BIN,,,RELEAS,Y,Y,ALLOC,AG42,1,NORMAL,,N,6,F,,0,0,0,4/20/22 0:00,G,42,0,0,,,
F2821G2,F2821G2C,FW,18028021070,A05,BLUE_BIN,,,RELEAS,Y,Y,ALLOC,AF28,1,NORMAL,,N,21,G,,0,0,0,10/12/22 0:00,F,28,0,0,,,
S1011B1,S1011B1H,FW,57010011020,A27,BIGSHOE,,,RELEAS,Y,Y,ALLOC,AS10,1,NORMAL,N,N,11,B,,0,0,0,1/26/23 0:00,S,10,0,0,,,
E3118A4,E3118A4G,FW,15031018010,A11,BLUE_BIN,,,RELEAS,Y,Y,ALLOC,AE31,1,NORMAL,,Y,18,A,,0,0,0,3/16/23 0:00,E,31,0,0,,,
B5103F3,B5103F3A,FW,6051003060,A05,BLUE_BIN,,,RELEAS,Y,Y,ALLOC,AB51,1,NORMAL,N,N,3,F,,0,0,0,9/29/22 0:00,B,51,0,0,,,
B5122F3,B5122F3A,FW,6051022060,A05,BLUE_BIN,,,RELEAS,Y,Y,ALLOC,AB51,1,NORMAL,N,N,22,F,,0,0,0,11/11/22 0:00,B,51,0,0,,,
B5124E3,B5124E3H,FW,6051024050,A05,BLUE_BIN,,,RELEAS,Y,Y,ALLOC,AB51,1,NORMAL,N,N,24,E,,0,0,0,10/12/22 0:00,B,51,0,0,,,
K3603G6,K3603G6D,FW,33036003070,A05,BLUE_BIN,,,RELEAS,Y,Y,ALLOC,AK36,1,NORMAL,,Y,3,G,,0,0,0,10/17/22 0:00,K,36,0,0,,,
B5201A1,B5201A1B,FW,6052001010,A05,BLUE_BIN,,,RELEAS,Y,Y,ALLOC,AB52,1,NORMAL,N,N,1,A,,0,0,0,8/1/22 0:00,B,52,0,0,,,
B5202A1,B5202A1K,FW,6052002010,A05,BLUE_BIN,,,RELEAS,Y,Y,ALLOC,AB52,1,NORMAL,N,N,2,A,,0,0,0,9/15/22 0:00,B,52,0,0,,,
B5205C6,B5205C6K,FW,6052005030,A05,BLUE_BIN,,,RELEAS,Y,Y,ALLOC,AB52,1,NORMAL,N,N,5,C,,0,0,0,9/29/22 0:00,B,52,0,0,,,
B5206A1,B5206A1A,FW,6052006010,A05,BLUE_BIN,,,RELEAS,Y,Y,ALLOC,AB52,1,NORMAL,N,N,6,A,,0,0,0,7/7/22 0:00,B,52,0,0,,,
B5207C3,B5207C3C,FW,6052007030,A05,BLUE_BIN,,,RELEAS,Y,Y,ALLOC,AB52,1,NORMAL,N,N,7,C,,0,0,0,9/29/22 0:00,B,52,0,0,,,
B5209C6,B5209C6B,FW,6052009030,A05,BLUE_BIN,,,RELEAS,Y,Y,ALLOC,AB52,1,NORMAL,N,N,9,C,,0,0,0,10/6/22 0:00,B,52,0,0,,,
B5210C3,B5210C3G,FW,6052010030,A05,BLUE_BIN,,,RELEAS,Y,Y,ALLOC,AB52,1,NORMAL,N,N,10,C,,0,0,0,8/1/22 0:00,B,52,0,0,,,
B5214E1,B5214E1A,FW,6052014050,A05,BLUE_BIN,,,RELEAS,Y,Y,ALLOC,AB52,1,NORMAL,N,N,14,E,,0,0,0,9/16/22 0:00,B,52,0,0,,,
B5215C1,B5215C1K,FW,6052015030,A05,BLUE_BIN,,,RELEAS,Y,Y,ALLOC,AB52,1,NORMAL,N,N,15,C,,0,0,0,9/20/22 0:00,B,52,0,0,,,
B5215C5,B5215C5A,FW,6052015030,A05,BLUE_BIN,,,RELEAS,Y,Y,ALLOC,AB52,1,NORMAL,N,N,15,C,,0,0,0,10/5/22 0:00,B,52,0,0,,,
B5216C5,B5216C5J,FW,6052016030,A05,BLUE_BIN,,,RELEAS,Y,Y,ALLOC,AB52,1,NORMAL,N,N,16,C,,0,0,0,6/14/22 0:00,B,52,0,0,,,
B5218C6,B5218C6C,FW,6052018030,A05,BLUE_BIN,,,RELEAS,Y,Y,ALLOC,AB52,1,NORMAL,N,N,18,C,,0,0,0,3/23/22 0:00,B,52,0,0,,,
B5220C2,B5220C2H,FW,6052020030,A05,BLUE_BIN,,,RELEAS,Y,Y,ALLOC,AB52,1,NORMAL,N,N,20,C,,0,0,0,9/18/22 0:00,B,52,0,0,,,
B5222C2,B5222C2D,FW,6052022030,A05,BLUE_BIN,,,RELEAS,Y,Y,ALLOC,AB52,1,NORMAL,N,N,22,C,,0,0,0,4/21/22 0:00,B,52,0,0,,,
B5224C1,B5224C1B,FW,6052024030,A05,BLUE_BIN,,,RELEAS,Y,Y,ALLOC,AB52,1,NORMAL,N,N,24,C,,0,0,0,10/14/22 0:00,B,52,0,0,,,
B5226C3,B5226C3C,FW,6052026030,A05,BLUE_BIN,,,RELEAS,Y,Y,ALLOC,AB52,1,NORMAL,N,N,26,C,,0,0,0,6/2/22 0:00,B,52,0,0,,,
B5227A1,B5227A1G,FW,6052027010,A05,BLUE_BIN,,,RELEAS,Y,Y,ALLOC,AB52,1,NORMAL,N,N,27,A,,0,0,0,10/14/22 0:00,B,52,0,0,,,
B5229A1,B5229A1C,FW,6052029010,A05,BLUE_BIN,,,RELEAS,Y,Y,ALLOC,AB52,1,NORMAL,N,N,29,A,,0,0,0,9/30/22 0:00,B,52,0,0,,,
B5229C3,B5229C3G,FW,6052029030,A05,BLUE_BIN,,,RELEAS,Y,Y,ALLOC,AB52,1,NORMAL,N,N,29,C,,0,0,0,9/8/22 0:00,B,52,0,0,,,
B5233C1,B5233C1C,FW,6052033030,A05,BLUE_BIN,,,RELEAS,Y,Y,ALLOC,AB52,1,NORMAL,N,N,33,C,,0,0,0,3/23/22 0:00,B,52,0,0,,,
B5233C5,B5233C5D,FW,6052033030,A05,BLUE_BIN,,,RELEAS,Y,Y,ALLOC,AB52,1,NORMAL,N,N,33,C,,0,0,0,7/12/22 0:00,B,52,0,0,,,
B5234C3,B5234C3G,FW,6052034030,A05,BLUE_BIN,,,RELEAS,Y,Y,ALLOC,AB52,1,NORMAL,N,N,34,C,,0,0,0,9/8/22 0:00,B,52,0,0,,,
B5234C5,B5234C5B,FW,6052034030,A05,BLUE_BIN,,,RELEAS,Y,Y,ALLOC,AB52,1,NORMAL,N,N,34,C,,0,0,0,7/18/22 0:00,B,52,0,0,,,
K4323G5,K4323G5K,FW,33043023070,A05,BLUE_BIN,,,RELEAS,Y,Y,ALLOC,AK43,1,NORMAL,,Y,23,G,,0,0,0,3/29/23 0:00,K,43,0,0,,,
K4328G5,K4328G5J,FW,33043028070,A05,BLUE_BIN,,,RELEAS,Y,Y,ALLOC,AK43,1,NORMAL,,Y,28,G,,0,0,0,7/5/22 0:00,K,43,0,0,,,
S1037A2,S1037A2B,FW,57010037010,A27,BIGSHOE,,,RELEAS,Y,Y,ALLOC,AS10,1,NORMAL,N,N,37,A,,0,0,0,1/26/23 0:00,S,10,0,0,,,
K3626H6,K3626H6D,FW,33036026080,A05,BLUE_BIN,,,RELEAS,Y,Y,ALLOC,AK36,1,NORMAL,N,Y,26,H,,0,0,0,2/22/23 0:00,K,36,0,0,,,
K3636H6,K3636H6C,FW,33036036080,A05,BLUE_BIN,,,RELEAS,Y,Y,ALLOC,AK36,1,NORMAL,N,Y,36,H,,0,0,0,1/10/23 0:00,K,36,0,0,,,
D6416C1,D6416C1J,FW,12064016030,A13,BLUE_BIN,,,RELEAS,Y,Y,ALLOC,AD64,1,NORMAL,N,N,16,C,,0,0,0,10/11/22 0:00,D,64,0,0,,,
D6403E4,D6403E4J,FW,12064003050,A11,BLUE_BIN,,,RELEAS,Y,Y,ALLOC,AD64,1,NORMAL,N,N,3,E,,0,0,0,10/11/22 0:00,D,64,0,0,,,
D6415E4,D6415E4C,FW,12064015050,A11,BLUE_BIN,,,RELEAS,Y,Y,ALLOC,AD64,1,NORMAL,N,N,15,E,,0,0,0,10/11/22 0:00,D,64,0,0,,,
D6417E4,D6417E4J,FW,12064017050,A11,BLUE_BIN,,,RELEAS,Y,Y,ALLOC,AD64,1,NORMAL,N,N,17,E,,0,0,0,10/11/22 0:00,D,64,0,0,,,
S1631A3,S1631A3K,FW,57016031010,A27,BIGSHOE,,,RELEAS,Y,Y,ALLOC,AS16,1,NORMAL,N,N,31,A,,0,0,0,9/22/22 0:00,S,16,0,0,,,
S1631B3,S1631B3J,FW,57016031020,A27,BIGSHOE,,,RELEAS,Y,Y,ALLOC,AS16,1,NORMAL,N,N,31,B,,0,0,0,9/22/22 0:00,S,16,0,0,,,
S1642B2,S1642B2H,FW,57016042020,A27,BIGSHOE,,,RELEAS,Y,Y,ALLOC,AS16,1,NORMAL,N,N,42,B,,0,0,0,9/22/22 0:00,S,16,0,0,,,
S1644B2,S1644B2D,FW,57016044020,A27,BIGSHOE,,,RELEAS,Y,Y,ALLOC,AS16,1,NORMAL,N,N,44,B,,0,0,0,9/22/22 0:00,S,16,0,0,,,
D4827B1,D4827B1K,FW,12048027020,A13,BLUE_BIN,,,RELEAS,Y,Y,ALLOC,AD48,1,NORMAL,N,Y,27,B,,0,0,0,12/27/22 0:00,D,48,0,0,,,
B2301A5,B2301A5D,FW,6023001010,A05,BLUE_BIN,,,RELEAS,Y,Y,ALLOC,AB23,1,NORMAL,N,N,1,A,,0,0,0,9/15/22 0:00,B,23,0,0,,,
B2303A6,B2303A6H,FW,6023003010,A05,BLUE_BIN,,,RELEAS,Y,Y,ALLOC,AB23,1,NORMAL,N,N,3,A,,0,0,0,5/8/22 0:00,B,23,0,0,,,
B2327A5,B2327A5J,FW,6023027010,A05,BLUE_BIN,,,RELEAS,Y,Y,ALLOC,AB23,1,NORMAL,N,N,27,A,,0,0,0,10/11/22 0:00,B,23,0,0,,,
B2313B6,B2313B6F,FW,6023013020,A05,BLUE_BIN,,,RELEAS,Y,Y,ALLOC,AB23,1,NORMAL,N,N,13,B,,0,0,0,6/22/22 0:00,B,23,0,0,,,
B2317G6,B2317G6B,FW,6023017070,A05,BLUE_BIN,,,RELEAS,Y,Y,ALLOC,AB23,1,NORMAL,N,N,17,G,,0,0,0,6/21/22 0:00,B,23,0,0,,,
B2320G6,B2320G6F,FW,6023020070,A05,BLUE_BIN,,,RELEAS,Y,Y,ALLOC,AB23,1,NORMAL,N,N,20,G,,0,0,0,9/6/22 0:00,B,23,0,0,,,
B2312H5,B2312H5D,FW,6023012080,A05,BLUE_BIN,,,RELEAS,Y,Y,ALLOC,AB23,1,NORMAL,N,N,12,H,,0,0,0,10/3/22 0:00,B,23,0,0,,,
B2319H6,B2319H6G,FW,6023019080,A05,BLUE_BIN,,,RELEAS,Y,Y,ALLOC,AB23,1,NORMAL,N,N,19,H,,0,0,0,10/14/22 0:00,B,23,0,0,,,
B2333H5,B2333H5K,FW,6023033080,A05,BLUE_BIN,,,RELEAS,Y,Y,ALLOC,AB23,1,NORMAL,N,N,33,H,,0,0,0,7/11/22 0:00,B,23,0,0,,,
B6731C2,B6731C2C,FW,6067031030,A13,BLUE_BIN,,,RELEAS,Y,Y,ALLOC,AB67,1,NORMAL,N,N,31,C,,0,0,0,11/11/22 0:00,B,67,0,0,,,
A5808B5,A5808B5F,FW,3058008020,A05,BLUE_BIN,,,RELEAS,Y,Y,ALLOC,AA58,1,NORMAL,N,N,8,B,,0,0,0,1/24/23 0:00,A,58,0,0,,,
A5809B4,A5809B4G,FW,3058009020,A05,BLUE_BIN,,,RELEAS,Y,Y,ALLOC,AA58,1,NORMAL,N,N,9,B,,0,0,0,1/24/23 0:00,A,58,0,0,,,
A5810B4,A5810B4E,FW,3058010020,A05,BLUE_BIN,,,RELEAS,Y,Y,ALLOC,AA58,1,NORMAL,N,N,10,B,,0,0,0,1/24/23 0:00,A,58,0,0,,,
J2319H5,J2319H5A,FW,30023019080,A05,BLUE_BIN,,,RELEAS,Y,Y,ALLOC,AJ23,1,NORMAL,N,Y,19,H,,0,0,0,1/4/23 0:00,J,23,0,0,,,
H4702G2,H4702G2J,FW,24047002070,A05,BLUE_BIN,,,RELEAS,Y,Y,ALLOC,AH47,1,NORMAL,N,N,2,G,,0,0,0,10/6/22 0:00,H,47,0,0,,,
H4702H2,H4702H2H,FW,24047002080,A05,BLUE_BIN,,,RELEAS,Y,Y,ALLOC,AH47,1,NORMAL,N,N,2,H,,0,0,0,10/6/22 0:00,H,47,0,0,,,
F6729C1,F6729C1K,FW,18067029030,A13,BLUE_BIN,,,RELEAS,Y,Y,ALLOC,AF67,1,NORMAL,N,N,29,C,,0,0,0,1/25/23 0:00,F,67,0,0,,,
F7006C1,F7006C1B,FW,18070006030,A13,BLUE_BIN,,,RELEAS,Y,Y,ALLOC,AF70,1,NORMAL,N,N,6,C,,0,0,0,11/16/22 0:00,F,70,0,0,,,
F5607D5,F5607D5J,FW,18056007040,A05,BLUE_BIN,,,RELEAS,Y,Y,ALLOC,AF56,1,NORMAL,N,N,7,D,,0,0,0,1/25/23 0:00,F,56,0,0,,,
K4506E5,K4506E5B,FW,33045006050,A05,BLUE_BIN,,,RELEAS,Y,Y,ALLOC,AK45,1,NORMAL,N,N,6,E,,0,0,0,8/17/22 0:00,K,45,0,0,,,
K4509D5,K4509D5G,FW,33045009040,A05,BLUE_BIN,,,RELEAS,Y,Y,ALLOC,AK45,1,NORMAL,N,Y,9,D,,0,0,0,8/17/22 0:00,K,45,0,0,,,
K4518C6,K4518C6G,FW,33045018030,A05,BLUE_BIN,,,RELEAS,Y,Y,ALLOC,AK45,1,NORMAL,N,N,18,C,,0,0,0,8/17/22 0:00,K,45,0,0,,,
S0038C2,S0038C2J,FW,57000038030,A27,BIGSHOE,,,RELEAS,Y,Y,ALLOC,AS00,1,NORMAL,N,N,38,C,,0,0,0,9/1/22 0:00,S,0,0,0,,,
S1425A1,S1425A1A,FW,57014025010,A27,BIGSHOE,,,RELEAS,Y,Y,ALLOC,AS14,1,NORMAL,N,N,25,A,,0,0,0,7/14/22 0:00,S,14,0,0,,,
J2210A2,J2210A2F,FW,30022010010,A05,BLUE_BIN,,,RELEAS,Y,Y,ALLOC,AJ22,1,NORMAL,N,N,10,A,,0,0,0,6/23/22 0:00,J,22,0,0,,,
J2218G2,J2218G2C,FW,30022018070,A05,BLUE_BIN,,,RELEAS,Y,Y,ALLOC,AJ22,1,NORMAL,N,N,18,G,,0,0,0,9/5/22 0:00,J,22,0,0,,,
J2237G6,J2237G6D,FW,30022037070,A05,BLUE_BIN,,,RELEAS,Y,Y,ALLOC,AJ22,1,NORMAL,N,N,37,G,,0,0,0,1/26/23 0:00,J,22,0,0,,,
H1934H5,H1934H5C,FW,24019034080,A05,BLUE_BIN,,,RELEAS,Y,Y,ALLOC,AH19,1,NORMAL,N,N,34,H,,0,0,0,8/12/22 0:00,H,19,0,0,,,
G1929B4,G1929B4D,FW,21019029020,A05,BLUE_BIN,,,RELEAS,Y,Y,ALLOC,AG19,1,NORMAL,N,N,29,B,,0,0,0,10/31/22 0:00,G,19,0,0,,,
F5113B5,F5113B5K,FW,18051013020,A05,BLUE_BIN,,,RELEAS,Y,Y,ALLOC,AF51,1,NORMAL,N,N,13,B,,0,0,0,9/15/22 0:00,F,51,0,0,,,
G1828H5,G1828H5J,FW,21018028080,A05,BLUE_BIN,,,RELEAS,Y,Y,ALLOC,AG18,1,NORMAL,N,N,28,H,,0,0,0,10/14/22 0:00,G,18,0,0,,,
S0122A1,S0122A1E,FW,57001022010,A27,BIGSHOE,,,RELEAS,Y,Y,ALLOC,AS01,1,NORMAL,N,N,22,A,,0,0,0,3/23/22 0:00,S,1,0,0,,,
S0136A1,S0136A1E,FW,57001036010,A27,BIGSHOE,,,RELEAS,Y,Y,ALLOC,AS01,1,NORMAL,N,N,36,A,,0,0,0,3/23/22 0:00,S,1,0,0,,,
S0139B1,S0139B1H,FW,57001039020,A27,BIGSHOE,,,RELEAS,Y,Y,ALLOC,AS01,1,NORMAL,N,N,39,B,,0,0,0,3/8/22 0:00,S,1,0,0,,,
S0139C1,S0139C1G,FW,57001039030,A27,BIGSHOE,,,RELEAS,Y,Y,ALLOC,AS01,1,NORMAL,N,N,39,C,,0,0,0,3/8/22 0:00,S,1,0,0,,,
S0140C1,S0140C1E,FW,57001040030,A27,BIGSHOE,,,RELEAS,Y,Y,ALLOC,AS01,1,NORMAL,N,N,40,C,,0,0,0,3/22/22 0:00,S,1,0,0,,,
S0263A3,S0263A3C,FW,57002063010,A27,BIGSHOE,,,RELEAS,Y,Y,ALLOC,AS02,1,NORMAL,N,N,63,A,,0,0,0,8/9/22 0:00,S,2,0,0,,,
S0424A3,S0424A3A,FW,57004024010,A27,BIGSHOE,,,RELEAS,Y,Y,ALLOC,AS04,1,NORMAL,N,N,24,A,,0,0,0,1/26/23 0:00,S,4,0,0,,,
S0439A3,S0439A3J,FW,57004039010,A27,BIGSHOE,,,RELEAS,Y,Y,ALLOC,AS04,1,NORMAL,N,N,39,A,,0,0,0,1/26/23 0:00,S,4,0,0,,,
S0443A2,S0443A2C,FW,57004043010,A27,BIGSHOE,,,RELEAS,Y,Y,ALLOC,AS04,1,NORMAL,N,N,43,A,,0,0,0,1/26/23 0:00,S,4,0,0,,,
S0443A3,S0443A3A,FW,57004043010,A27,BIGSHOE,,,RELEAS,Y,Y,ALLOC,AS04,1,NORMAL,N,N,43,A,,0,0,0,1/26/23 0:00,S,4,0,0,,,
S0458A3,S0458A3J,FW,57004058010,A27,BIGSHOE,,,RELEAS,Y,Y,ALLOC,AS04,1,NORMAL,N,N,58,A,,0,0,0,1/26/23 0:00,S,4,0,0,,,
S0505B3,S0505B3F,FW,57005005020,A27,BIGSHOE,,,RELEAS,Y,Y,ALLOC,AS05,1,NORMAL,N,N,5,B,,0,0,0,1/26/23 0:00,S,5,0,0,,,
S0516B1,S0516B1G,FW,57005016020,A27,BIGSHOE,,,RELEAS,Y,Y,ALLOC,AS05,1,NORMAL,N,N,16,B,,0,0,0,10/17/22 0:00,S,5,0,0,,,
S0534C1,S0534C1J,FW,57005034030,A27,BIGSHOE,,,RELEAS,Y,Y,ALLOC,AS05,1,NORMAL,N,N,34,C,,0,0,0,6/15/22 0:00,S,5,0,0,,,
S0536B3,S0536B3A,FW,57005036020,A27,BIGSHOE,,,RELEAS,Y,Y,ALLOC,AS05,1,NORMAL,N,N,36,B,,0,0,0,1/26/23 0:00,S,5,0,0,,,
S0540A2,S0540A2F,FW,57005040010,A27,BIGSHOE,,,RELEAS,Y,Y,ALLOC,AS05,1,NORMAL,N,N,40,A,,0,0,0,1/26/23 0:00,S,5,0,0,,,
S0545A1,S0545A1G,FW,57005045010,A27,BIGSHOE,,,RELEAS,Y,Y,ALLOC,AS05,1,NORMAL,N,N,45,A,,0,0,0,1/26/23 0:00,S,5,0,0,,,
S0545B2,S0545B2D,FW,57005045020,A27,BIGSHOE,,,RELEAS,Y,Y,ALLOC,AS05,1,NORMAL,N,N,45,B,,0,0,0,1/26/23 0:00,S,5,0,0,,,
S0564A1,S0564A1H,FW,57005064010,A27,BIGSHOE,,,RELEAS,Y,Y,ALLOC,AS05,1,NORMAL,N,N,64,A,,0,0,0,1/26/23 0:00,S,5,0,0,,,
S0624A1,S0624A1K,FW,57006024010,A27,BIGSHOE,,,RELEAS,Y,Y,ALLOC,AS06,1,NORMAL,N,N,24,A,,0,0,0,7/15/22 0:00,S,6,0,0,,,
S0638A1,S0638A1K,FW,57006038010,A27,BIGSHOE,,,RELEAS,Y,Y,ALLOC,AS06,1,NORMAL,N,N,38,A,,0,0,0,10/11/22 0:00,S,6,0,0,,,
S0812B1,S0812B1K,FW,57008012020,A27,BIGSHOE,,,RELEAS,Y,Y,ALLOC,AS08,1,NORMAL,N,N,12,B,,0,0,0,9/6/22 0:00,S,8,0,0,,,
S0820A1,S0820A1D,FW,57008020010,A27,BIGSHOE,,,RELEAS,Y,Y,ALLOC,AS08,1,NORMAL,N,N,20,A,,0,0,0,8/17/22 0:00,S,8,0,0,,,
S0858C2,S0858C2K,FW,57008058030,A34,BIGSHOE,,,RELEAS,Y,Y,ALLOC,AS08,1,NORMAL,N,N,58,C,,0,0,0,9/16/22 0:00,S,8,0,0,,,
G4116G2,G4116G2D,FW,21041016070,A05,BLUE_BIN,,,RELEAS,Y,Y,ALLOC,AG41,1,NORMAL,N,N,16,G,,0,0,0,8/30/22 0:00,G,41,0,0,,,
G4313G4,G4313G4C,FW,21043013070,A05,BLUE_BIN,,,RELEAS,Y,Y,ALLOC,AG43,1,NORMAL,N,N,13,G,,0,0,0,10/5/22 0:00,G,43,0,0,,,
G4318H5,G4318H5H,FW,21043018080,A05,BLUE_BIN,,,RELEAS,Y,Y,ALLOC,AG43,1,NORMAL,N,N,18,H,,0,0,0,10/5/22 0:00,G,43,0,0,,,
F3723H2,F3723H2J,FW,18037023080,A05,BLUE_BIN,,,RELEAS,Y,Y,ALLOC,AF37,1,NORMAL,N,N,23,H,,0,0,0,1/25/23 0:00,F,37,0,0,,,
G2421B6,G2421B6F,FW,21024021020,A05,BLUE_BIN,,,RELEAS,Y,Y,ALLOC,AG24,1,NORMAL,N,N,21,B,,0,0,0,1/25/23 0:00,G,24,0,0,,,
H1324A6,H1324A6B,FW,24013024010,A05,BLUE_BIN,,,RELEAS,Y,Y,ALLOC,AH13,1,NORMAL,N,N,24,A,,0,0,0,11/1/22 0:00,H,13,0,0,,,
H1337G6,H1337G6H,FW,24013037070,A05,BLUE_BIN,,,RELEAS,Y,Y,ALLOC,AH13,1,NORMAL,N,N,37,G,,0,0,0,11/1/22 0:00,H,13,0,0,,,
H4101B6,H4101B6K,FW,24041001020,A05,BLUE_BIN,,,RELEAS,Y,Y,ALLOC,AH41,1,NORMAL,N,N,1,B,,0,0,0,9/21/22 0:00,H,41,0,0,,,
U0316B3,U0316B3D,FW,63003016020,A23,TOWELS,,,RELEAS,Y,Y,ALLOC,AU03,1,NORMAL,N,N,16,B,,0,0,0,3/28/22 0:00,U,3,0,0,,,
H4126H6,H4126H6A,FW,24041026080,A05,BLUE_BIN,,,RELEAS,Y,Y,ALLOC,AH41,1,NORMAL,N,N,26,H,,0,0,0,9/21/22 0:00,H,41,0,0,,,
J2512A6,J2512A6F,FW,30025012010,A05,BLUE_BIN,,,RELEAS,Y,Y,ALLOC,AJ25,1,NORMAL,N,N,12,A,,0,0,0,11/3/22 0:00,J,25,0,0,,,
U0437C3,U0437C3G,FW,63004037030,A23,TOWELS,,,RELEAS,Y,Y,ALLOC,AU04,1,NORMAL,N,N,37,C,,0,0,0,3/29/22 0:00,U,4,0,0,,,
J2525A6,J2525A6H,FW,30025025010,A05,BLUE_BIN,,,RELEAS,Y,Y,ALLOC,AJ25,1,NORMAL,N,N,25,A,,0,0,0,11/3/22 0:00,J,25,0,0,,,
J2518G6,J2518G6G,FW,30025018070,A05,BLUE_BIN,,,RELEAS,Y,Y,ALLOC,AJ25,1,NORMAL,N,N,18,G,,0,0,0,11/3/22 0:00,J,25,0,0,,,
J2529A6,J2529A6K,FW,30025029010,A05,BLUE_BIN,,,RELEAS,Y,Y,ALLOC,AJ25,1,NORMAL,N,N,29,A,,0,0,0,11/3/22 0:00,J,25,0,0,,,
F4116B5,F4116B5D,FW,18041016020,A05,BLUE_BIN,,,RELEAS,Y,Y,ALLOC,AF41,1,NORMAL,N,N,16,B,,0,0,0,4/20/22 0:00,F,41,0,0,,,
F4129A4,F4129A4A,FW,18041029010,A05,BLUE_BIN,,,RELEAS,Y,Y,ALLOC,AF41,1,NORMAL,N,N,29,A,,0,0,0,2/14/22 0:00,F,41,0,0,,,
F4132A5,F4132A5B,FW,18041032010,A05,BLUE_BIN,,,RELEAS,Y,Y,ALLOC,AF41,1,NORMAL,N,N,32,A,,0,0,0,4/19/22 0:00,F,41,0,0,,,
G1028B1,G1028B1A,FW,21010028020,A31,SEASONAL,,,RELEAS,Y,Y,ALLOC,AG10,1,NORMAL,N,N,28,B,,0,0,0,1/25/23 0:00,G,10,0,0,,,
S1042C1,S1042C1B,FW,57010042030,A27,BIGSHOE,,,RELEAS,Y,Y,ALLOC,AS10,1,NORMAL,N,N,42,C,,0,0,0,1/26/23 0:00,S,10,0,0,,,
F6107D2,F6107D2F,FW,18061007040,A05,BLUE_BIN,,,RELEAS,Y,Y,ALLOC,AF61,1,NORMAL,N,N,7,D,,0,0,0,1/25/23 0:00,F,61,0,0,,,
F6120D2,F6120D2J,FW,18061020040,A05,BLUE_BIN,,,RELEAS,Y,Y,ALLOC,AF61,1,NORMAL,N,N,20,D,,0,0,0,1/25/23 0:00,F,61,0,0,,,
F6128D2,F6128D2B,FW,18061028040,A05,BLUE_BIN,,,RELEAS,Y,Y,ALLOC,AF61,1,NORMAL,N,N,28,D,,0,0,0,3/4/22 0:00,F,61,0,0,,,
F6418D1,F6418D1J,FW,18064018040,A11,BLUE_BIN,,,RELEAS,Y,Y,ALLOC,AF64,1,NORMAL,N,N,18,D,,0,0,0,1/25/23 0:00,F,64,0,0,,,
S1059A2,S1059A2F,FW,57010059010,A27,BIGSHOE,,,RELEAS,Y,Y,ALLOC,AS10,1,NORMAL,N,N,59,A,,0,0,0,1/26/23 0:00,S,10,0,0,,,
S1062A1,S1062A1B,FW,57010062010,A27,BIGSHOE,,,RELEAS,Y,Y,ALLOC,AS10,1,NORMAL,N,N,62,A,,0,0,0,1/26/23 0:00,S,10,0,0,,,
S1222B2,S1222B2J,FW,57012022020,A27,BIGSHOE,,,RELEAS,Y,Y,ALLOC,AS12,1,NORMAL,N,N,22,B,,0,0,0,7/28/22 0:00,S,12,0,0,,,
S1222C2,S1222C2H,FW,57012022030,A27,BIGSHOE,,,RELEAS,Y,Y,ALLOC,AS12,1,NORMAL,N,N,22,C,,0,0,0,7/28/22 0:00,S,12,0,0,,,
S1223A2,S1223A2H,FW,57012023010,A27,BIGSHOE,,,RELEAS,Y,Y,ALLOC,AS12,1,NORMAL,N,N,23,A,,0,0,0,7/28/22 0:00,S,12,0,0,,,
S1223B2,S1223B2G,FW,57012023020,A27,BIGSHOE,,,RELEAS,Y,Y,ALLOC,AS12,1,NORMAL,N,N,23,B,,0,0,0,7/28/22 0:00,S,12,0,0,,,
S1223C2,S1223C2F,FW,57012023030,A27,BIGSHOE,,,RELEAS,Y,Y,ALLOC,AS12,1,NORMAL,N,N,23,C,,0,0,0,7/28/22 0:00,S,12,0,0,,,
S1224A2,S1224A2F,FW,57012024010,A27,BIGSHOE,,,RELEAS,Y,Y,ALLOC,AS12,1,NORMAL,N,N,24,A,,0,0,0,7/28/22 0:00,S,12,0,0,,,
S1224B2,S1224B2E,FW,57012024020,A27,BIGSHOE,,,RELEAS,Y,Y,ALLOC,AS12,1,NORMAL,N,N,24,B,,0,0,0,7/28/22 0:00,S,12,0,0,,,
S1224C2,S1224C2D,FW,57012024030,A27,BIGSHOE,,,RELEAS,Y,Y,ALLOC,AS12,1,NORMAL,N,N,24,C,,0,0,0,7/28/22 0:00,S,12,0,0,,,
S1225A2,S1225A2C,FW,57012025010,A27,BIGSHOE,,,RELEAS,Y,Y,ALLOC,AS12,1,NORMAL,N,N,25,A,,0,0,0,7/28/22 0:00,S,12,0,0,,,
S1228C2,S1228C2E,FW,57012028030,A27,BIGSHOE,,,RELEAS,Y,Y,ALLOC,AS12,1,NORMAL,N,N,28,C,,0,0,0,7/28/22 0:00,S,12,0,0,,,
S1232A2,S1232A2J,FW,57012032010,A27,BIGSHOE,,,RELEAS,Y,Y,ALLOC,AS12,1,NORMAL,N,N,32,A,,0,0,0,7/28/22 0:00,S,12,0,0,,,
S1240B2,S1240B2A,FW,57012040020,A27,BIGSHOE,,,RELEAS,Y,Y,ALLOC,AS12,1,NORMAL,N,N,40,B,,0,0,0,7/28/22 0:00,S,12,0,0,,,
S1240C2,S1240C2K,FW,57012040030,A27,BIGSHOE,,,RELEAS,Y,Y,ALLOC,AS12,1,NORMAL,N,N,40,C,,0,0,0,7/28/22 0:00,S,12,0,0,,,
S1241A2,S1241A2K,FW,57012041010,A27,BIGSHOE,,,RELEAS,Y,Y,ALLOC,AS12,1,NORMAL,N,N,41,A,,0,0,0,7/28/22 0:00,S,12,0,0,,,
S1241B2,S1241B2J,FW,57012041020,A27,BIGSHOE,,,RELEAS,Y,Y,ALLOC,AS12,1,NORMAL,N,N,41,B,,0,0,0,7/28/22 0:00,S,12,0,0,,,
S1241C2,S1241C2H,FW,57012041030,A27,BIGSHOE,,,RELEAS,Y,Y,ALLOC,AS12,1,NORMAL,N,N,41,C,,0,0,0,7/28/22 0:00,S,12,0,0,,,
S1242A2,S1242A2H,FW,57012042010,A27,BIGSHOE,,,RELEAS,Y,Y,ALLOC,AS12,1,NORMAL,N,N,42,A,,0,0,0,7/28/22 0:00,S,12,0,0,,,
S1242C2,S1242C2F,FW,57012042030,A27,BIGSHOE,,,RELEAS,Y,Y,ALLOC,AS12,1,NORMAL,N,N,42,C,,0,0,0,7/28/22 0:00,S,12,0,0,,,
S1247A2,S1247A2G,FW,57012047010,A27,BIGSHOE,,,RELEAS,Y,Y,ALLOC,AS12,1,NORMAL,N,N,47,A,,0,0,0,7/28/22 0:00,S,12,0,0,,,
K4303B5,K4303B5G,FW,33043003020,A05,BLUE_BIN,,,RELEAS,Y,Y,ALLOC,AK43,1,NORMAL,N,N,3,B,,0,0,0,7/5/22 0:00,K,43,0,0,,,
K4122H2,K4122H2B,FW,33041022080,A05,BLUE_BIN,,,RELEAS,Y,Y,ALLOC,AK41,1,NORMAL,N,Y,22,H,,0,0,0,2/17/23 0:00,K,41,0,0,,,
K4322B4,K4322B4K,FW,33043022020,A05,BLUE_BIN,,,RELEAS,Y,Y,ALLOC,AK43,1,NORMAL,N,N,22,B,,0,0,0,7/5/22 0:00,K,43,0,0,,,
K4133H5,K4133H5B,FW,33041033080,A05,BLUE_BIN,,,RELEAS,Y,Y,ALLOC,AK41,1,NORMAL,N,Y,33,H,,0,0,0,2/6/23 0:00,K,41,0,0,,,
K4417B4,K4417B4H,FW,33044017020,A05,BLUE_BIN,,,RELEAS,Y,Y,ALLOC,AK44,1,NORMAL,N,Y,17,B,,0,0,0,11/29/22 0:00,K,44,0,0,,,
K4418B6,K4418B6A,FW,33044018020,A05,BLUE_BIN,,,RELEAS,Y,Y,ALLOC,AK44,1,NORMAL,N,Y,18,B,,0,0,0,3/21/22 0:00,K,44,0,0,,,
K4419B6,K4419B6J,FW,33044019020,A05,BLUE_BIN,,,RELEAS,Y,Y,ALLOC,AK44,1,NORMAL,N,Y,19,B,,0,0,0,8/25/22 0:00,K,44,0,0,,,
K4514B6,K4514B6G,FW,33045014020,A05,BLUE_BIN,,,RELEAS,Y,Y,ALLOC,AK45,1,NORMAL,N,N,14,B,,0,0,0,8/17/22 0:00,K,45,0,0,,,
K4801B6,K4801B6H,FW,33048001020,A05,BLUE_BIN,,,RELEAS,Y,Y,ALLOC,AK48,1,NORMAL,N,N,1,B,,0,0,0,6/15/22 0:00,K,48,0,0,,,
K4803B6,K4803B6D,FW,33048003020,A05,BLUE_BIN,,,RELEAS,Y,Y,ALLOC,AK48,1,NORMAL,N,N,3,B,,0,0,0,6/15/22 0:00,K,48,0,0,,,
K4623A5,K4623A5J,FW,33046023010,A05,BLUE_BIN,,,RELEAS,Y,Y,ALLOC,AK46,1,NORMAL,N,N,23,A,,0,0,0,11/7/22 0:00,K,46,0,0,,,
K4624A5,K4624A5G,FW,33046024010,A05,BLUE_BIN,,,RELEAS,Y,Y,ALLOC,AK46,1,NORMAL,N,N,24,A,,0,0,0,11/7/22 0:00,K,46,0,0,,,
K4708G4,K4708G4E,FW,33047008070,A05,BLUE_BIN,,,RELEAS,Y,Y,ALLOC,AK47,1,NORMAL,N,Y,8,G,,0,0,0,3/8/23 0:00,K,47,0,0,,,
K4711G2,K4711G2C,FW,33047011070,A05,BLUE_BIN,,,RELEAS,Y,Y,ALLOC,AK47,1,NORMAL,N,Y,11,G,,0,0,0,10/21/22 0:00,K,47,0,0,,,
K4712G5,K4712G5D,FW,33047012070,A05,BLUE_BIN,,,RELEAS,Y,Y,ALLOC,AK47,1,NORMAL,N,N,12,G,,0,0,0,10/21/22 0:00,K,47,0,0,,,
K4714G5,K4714G5K,FW,33047014070,A05,BLUE_BIN,,,RELEAS,Y,Y,ALLOC,AK47,1,NORMAL,N,N,14,G,,0,0,0,10/21/22 0:00,K,47,0,0,,,
K4715G5,K4715G5G,FW,33047015070,A05,BLUE_BIN,,,RELEAS,Y,Y,ALLOC,AK47,1,NORMAL,N,N,15,G,,0,0,0,10/21/22 0:00,K,47,0,0,,,
K4716G5,K4716G5E,FW,33047016070,A05,BLUE_BIN,,,RELEAS,Y,Y,ALLOC,AK47,1,NORMAL,N,N,16,G,,0,0,0,10/21/22 0:00,K,47,0,0,,,
K4717G5,K4717G5C,FW,33047017070,A05,BLUE_BIN,,,RELEAS,Y,Y,ALLOC,AK47,1,NORMAL,N,N,17,G,,0,0,0,10/21/22 0:00,K,47,0,0,,,
K4718G5,K4718G5A,FW,33047018070,A05,BLUE_BIN,,,RELEAS,Y,Y,ALLOC,AK47,1,NORMAL,N,N,18,G,,0,0,0,10/21/22 0:00,K,47,0,0,,,
K4720G5,K4720G5G,FW,33047020070,A05,BLUE_BIN,,,RELEAS,Y,Y,ALLOC,AK47,1,NORMAL,N,N,20,G,,0,0,0,10/21/22 0:00,K,47,0,0,,,
K4722G5,K4722G5C,FW,33047022070,A05,BLUE_BIN,,,RELEAS,Y,Y,ALLOC,AK47,1,NORMAL,N,N,22,G,,0,0,0,10/21/22 0:00,K,47,0,0,,,
K4724G5,K4724G5J,FW,33047024070,A05,BLUE_BIN,,,RELEAS,Y,Y,ALLOC,AK47,1,NORMAL,N,N,24,G,,0,0,0,10/21/22 0:00,K,47,0,0,,,
K4726G5,K4726G5D,FW,33047026070,A05,BLUE_BIN,,,RELEAS,Y,Y,ALLOC,AK47,1,NORMAL,N,N,26,G,,0,0,0,10/21/22 0:00,K,47,0,0,,,
K4726G6,K4726G6B,FW,33047026070,A05,BLUE_BIN,,,RELEAS,Y,Y,ALLOC,AK47,1,NORMAL,N,N,26,G,,0,0,0,10/21/22 0:00,K,47,0,0,,,
K4728G5,K4728G5K,FW,33047028070,A05,BLUE_BIN,,,RELEAS,Y,Y,ALLOC,AK47,1,NORMAL,N,N,28,G,,0,0,0,10/21/22 0:00,K,47,0,0,,,
K4728G6,K4728G6H,FW,33047028070,A05,BLUE_BIN,,,RELEAS,Y,Y,ALLOC,AK47,1,NORMAL,N,N,28,G,,0,0,0,10/21/22 0:00,K,47,0,0,,,
K4729G6,K4729G6F,FW,33047029070,A05,BLUE_BIN,,,RELEAS,Y,Y,ALLOC,AK47,1,NORMAL,N,N,29,G,,0,0,0,10/21/22 0:00,K,47,0,0,,,
K4730G6,K4730G6D,FW,33047030070,A05,BLUE_BIN,,,RELEAS,Y,Y,ALLOC,AK47,1,NORMAL,N,N,30,G,,0,0,0,10/21/22 0:00,K,47,0,0,,,
F6714F5,F6714F5K,FW,18067014060,A05,BLUE_BIN,,,RELEAS,Y,Y,ALLOC,AF67,1,NORMAL,N,N,14,F,,0,0,0,1/25/23 0:00,F,67,0,0,,,
F6722F6,F6722F6A,FW,18067022060,A05,BLUE_BIN,,,RELEAS,Y,Y,ALLOC,AF67,1,NORMAL,N,N,22,F,,0,0,0,1/25/23 0:00,F,67,0,0,,,
F6703G2,F6703G2J,FW,18067003070,A15,BLUE_BIN,,,RELEAS,Y,Y,ALLOC,AF67,1,NORMAL,N,N,3,G,,0,0,0,1/25/23 0:00,F,67,0,0,,,
F6705A1,F6705A1B,FW,18067005010,A13,BLUE_BIN,,,RELEAS,Y,Y,ALLOC,AF67,1,NORMAL,N,N,5,A,,0,0,0,1/25/23 0:00,F,67,0,0,,,
F7217A2,F7217A2E,FW,18072017010,A13,BLUE_BIN,,,RELEAS,Y,Y,ALLOC,AF72,1,NORMAL,N,N,17,A,,0,0,0,11/16/22 0:00,F,72,0,0,,,
F7204E1,F7204E1A,FW,18072004050,A11,BLUE_BIN,,,RELEAS,Y,Y,ALLOC,AF72,1,NORMAL,N,N,4,E,,0,0,0,11/16/22 0:00,F,72,0,0,,,
F7222D4,F7222D4H,FW,18072022040,A11,BLUE_BIN,,,RELEAS,Y,Y,ALLOC,AF72,1,NORMAL,N,N,22,D,,0,0,0,11/16/22 0:00,F,72,0,0,,,
F7231D1,F7231D1E,FW,18072031040,A11,BLUE_BIN,,,RELEAS,Y,Y,ALLOC,AF72,1,NORMAL,N,N,31,D,,0,0,0,11/16/22 0:00,F,72,0,0,,,
F7314E3,F7314E3D,FW,18073014050,A11,BLUE_BIN,,,RELEAS,Y,Y,ALLOC,AF73,1,NORMAL,N,N,14,E,,0,0,0,11/16/22 0:00,F,73,0,0,,,
F7327E3,F7327E3F,FW,18073027050,A11,BLUE_BIN,,,RELEAS,Y,Y,ALLOC,AF73,1,NORMAL,N,N,27,E,,0,0,0,11/16/22 0:00,F,73,0,0,,,
F5639F2,F5639F2G,FW,18056039060,A09,SHOES,,,RELEAS,Y,Y,ALLOC,AF56,1,NORMAL,,Y,39,F,,0,0,0,1/9/23 0:00,F,56,0,0,,,
F5722F2,F5722F2A,FW,18057022060,A09,SHOES,,,RELEAS,Y,Y,ALLOC,AF57,1,NORMAL,,Y,22,F,,0,0,0,3/23/23 0:00,F,57,0,0,,,
F5835E2,F5835E2B,FW,18058035050,A09,SHOES,,,RELEAS,Y,Y,ALLOC,AF58,1,NORMAL,,Y,35,E,,0,0,0,6/22/22 0:00,F,58,0,0,,,
A0504C1,A0504C1D,FW,3005004030,A69,LOW-SEASON,,,RELEAS,Y,Y,ALLOC,AA05,1,NORMAL,N,Y,4,C,,0,0,0,3/14/23 0:00,A,5,0,0,,,
U3806A1,U3806A1F,FW,63038006010,W91,TIERACK_E,,,RELEAS,Y,Y,ALLOC,WU38,1,NORMAL,N,Y,6,A,,0,0,0,5/2/22 0:00,U,38,0,0,,,
G2830D1,G2830D1G,FW,21028030040,A02,A-BIN,,,RELEAS,Y,Y,ALLOC,AG28,1,NORMAL,N,N,30,D,,0,0,0,3/20/23 0:00,G,28,0,0,,,
B2506A2,B2506A2E,FW,6025006010,A07,A-BIN,,,RELEAS,Y,Y,ALLOC,AB25,1,NORMAL,N,Y,6,A,,0,0,0,3/7/23 0:00,B,25,0,0,,,
C3936F1,C3936F1H,FW,9039036060,A10,A-BIN,,,RELEAS,Y,Y,ALLOC,AC39,1,NORMAL,N,Y,36,F,,0,0,0,10/13/22 0:00,C,39,0,0,,,
C2202C2,C2202C2G,FW,9022002030,A02,A-BIN,,,RELEAS,Y,Y,ALLOC,AC22,1,NORMAL,N,Y,2,C,,0,0,0,4/3/23 0:00,C,22,0,0,,,
C3134A2,C3134A2C,FW,9031034010,A02,A-BIN,,,RELEAS,Y,Y,ALLOC,AC31,1,NORMAL,N,Y,34,A,,0,0,0,3/13/23 0:00,C,31,0,0,,,
E0935A3,E0935A3J,FW,15009035010,A05,SHOES,,,RELEAS,Y,Y,ALLOC,AE09,1,NORMAL,N,N,35,A,,0,0,0,2/21/23 0:00,E,9,0,0,,,
E1302A1,E1302A1E,FW,15013002010,A07,A-BIN,,,RELEAS,Y,Y,ALLOC,AE13,1,NORMAL,N,Y,2,A,,0,0,0,3/29/22 0:00,E,13,0,0,,,
F1729A3,F1729A3C,FW,18017029010,A07,A-BIN,,,RELEAS,Y,Y,ALLOC,AF17,1,NORMAL,N,Y,29,A,,0,0,0,2/23/23 0:00,F,17,0,0,,,
F2706A2,F2706A2B,FW,18027006010,A07,A-BIN,,,RELEAS,Y,Y,ALLOC,AF27,1,NORMAL,N,Y,6,A,,0,0,0,2/2/23 0:00,F,27,0,0,,,
F3429E1,F3429E1H,FW,18034029050,A06,A-BIN,,,RELEAS,Y,Y,ALLOC,AF34,1,NORMAL,N,Y,29,E,,0,0,0,7/15/22 0:00,F,34,0,0,,,
F3509C2,F3509C2G,FW,18035009030,A07,A-BIN,,,RELEAS,Y,Y,ALLOC,AF35,1,NORMAL,N,Y,9,C,,0,0,0,2/28/23 0:00,F,35,0,0,,,
F5607B1,F5607B1K,FW,18056007020,A09,SHOES,,,RELEAS,Y,Y,ALLOC,AF56,1,NORMAL,N,Y,7,B,,0,0,0,1/30/23 0:00,F,56,0,0,,,
F5611F1,F5611F1H,FW,18056011060,A09,SHOES,,,RELEAS,Y,Y,ALLOC,AF56,1,NORMAL,N,Y,11,F,,0,0,0,1/5/23 0:00,F,56,0,0,,,
F5631C1,F5631C1J,FW,18056031030,A09,SHOES,,,RELEAS,Y,Y,ALLOC,AF56,1,NORMAL,N,Y,31,C,,0,0,0,11/17/22 0:00,F,56,0,0,,,
F5701C2,F5701C2H,FW,18057001030,A09,SHOES,,,RELEAS,Y,Y,ALLOC,AF57,1,NORMAL,N,Y,1,C,,0,0,0,3/23/23 0:00,F,57,0,0,,,
F5710C1,F5710C1A,FW,18057010030,A09,SHOES,,,RELEAS,Y,Y,ALLOC,AF57,1,NORMAL,N,Y,10,C,,0,0,0,3/15/23 0:00,F,57,0,0,,,
F5740C2,F5740C2F,FW,18057040030,A09,SHOES,,,RELEAS,Y,Y,ALLOC,AF57,1,NORMAL,N,Y,40,C,,0,0,0,1/24/23 0:00,F,57,0,0,,,
F5806E1,F5806E1E,FW,18058006050,A09,SHOES,,,RELEAS,Y,Y,ALLOC,AF58,1,NORMAL,N,Y,6,E,,0,0,0,3/21/23 0:00,F,58,0,0,,,
F5814D2,F5814D2H,FW,18058014040,A09,SHOES,,,RELEAS,Y,Y,ALLOC,AF58,1,NORMAL,N,Y,14,D,,0,0,0,1/15/23 0:00,F,58,0,0,,,
F5822D1,F5822D1C,FW,18058022040,A09,SHOES,,,RELEAS,Y,Y,ALLOC,AF58,1,NORMAL,N,Y,22,D,,0,0,0,1/10/23 0:00,F,58,0,0,,,
F5822E1,F5822E1B,FW,18058022050,A09,SHOES,,,RELEAS,Y,Y,ALLOC,AF58,1,NORMAL,N,Y,22,E,,0,0,0,4/18/23 0:00,F,58,0,0,,,
F5822F1,F5822F1A,FW,18058022060,A09,SHOES,,,RELEAS,Y,Y,ALLOC,AF58,1,NORMAL,N,Y,22,F,,0,0,0,3/2/23 0:00,F,58,0,0,,,
F5824E1,F5824E1H,FW,18058024050,A09,SHOES,,,RELEAS,Y,Y,ALLOC,AF58,1,NORMAL,N,Y,24,E,,0,0,0,4/7/23 0:00,F,58,0,0,,,
F5838E1,F5838E1H,FW,18058038050,A09,SHOES,,,RELEAS,Y,Y,ALLOC,AF58,1,NORMAL,N,Y,38,E,,0,0,0,3/27/23 0:00,F,58,0,0,,,
F5838F2,F5838F2E,FW,18058038060,A09,SHOES,,,RELEAS,Y,Y,ALLOC,AF58,1,NORMAL,N,Y,38,F,,0,0,0,3/5/23 0:00,F,58,0,0,,,
F6537A3,F6537A3E,FW,18065037010,A05,SHOES,,,RELEAS,Y,Y,ALLOC,AF65,1,NORMAL,N,Y,37,A,,0,0,0,3/9/23 0:00,F,65,0,0,,,
M3841A1,M3841A1C,FW,39038041010,A36,HI-SEASON,,,RELEAS,Y,Y,ALLOC,AM38,1,NORMAL,N,Y,41,A,,0,0,0,1/27/23 0:00,M,38,0,0,,,
M3843B1,M3843B1H,FW,39038043020,A36,HI-SEASON,,,RELEAS,Y,Y,ALLOC,AM38,1,NORMAL,N,Y,43,B,,0,0,0,1/27/23 0:00,M,38,0,0,,,
G1316A1,G1316A1A,FW,21013016010,A07,A-BIN,,,RELEAS,Y,Y,ALLOC,AG13,1,NORMAL,N,Y,16,A,,0,0,0,3/28/23 0:00,G,13,0,0,,,
G2506H2,G2506H2G,FW,21025006080,A10,A-BIN,,,RELEAS,Y,Y,ALLOC,AG25,1,NORMAL,N,Y,6,H,,0,0,0,11/3/22 0:00,G,25,0,0,,,
M2710F1,M2710F1F,FW,39027010060,A10,A-BIN,,,RELEAS,Y,Y,ALLOC,AM27,1,NORMAL,N,Y,10,F,,0,0,0,1/27/23 0:00,M,27,0,0,,,
A6317A1,A6317A1G,FW,3063017010,A05,SHOES,,,RELEAS,Y,Y,ALLOC,AA63,1,NORMAL,,Y,17,A,,0,0,0,4/4/23 0:00,A,63,0,0,,,
H1216D1,H1216D1H,FW,24012016040,A09,SHOES,,,RELEAS,Y,Y,ALLOC,AH12,1,NORMAL,N,Y,16,D,,0,0,0,1/27/23 0:00,H,12,0,0,,,
H2115B2,H2115B2A,FW,24021015020,A07,A-BIN,,,RELEAS,Y,Y,ALLOC,AH21,1,NORMAL,N,Y,15,B,,0,0,0,1/27/23 0:00,H,21,0,0,,,
H3231D1,H3231D1E,FW,24032031040,A06,A-BIN,,,RELEAS,Y,Y,ALLOC,AH32,1,NORMAL,N,Y,31,D,,0,0,0,1/27/23 0:00,H,32,0,0,,,
H4707A2,H4707A2D,FW,24047007010,A36,HI-SEASON,,,RELEAS,Y,Y,ALLOC,AH47,1,NORMAL,N,N,7,A,,0,0,0,8/11/22 0:00,H,47,0,0,,,
H4707A4,H4707A4K,FW,24047007010,A36,HI-SEASON,,,RELEAS,Y,Y,ALLOC,AH47,1,NORMAL,N,N,7,A,,0,0,0,8/11/22 0:00,H,47,0,0,,,
H4707A5,H4707A5G,FW,24047007010,A36,HI-SEASON,,,RELEAS,Y,Y,ALLOC,AH47,1,NORMAL,N,N,7,A,,0,0,0,8/11/22 0:00,H,47,0,0,,,
M0633A1,M0633A1G,FW,39006033010,A35,LOW-SEASON,,,RELEAS,Y,Y,ALLOC,AM06,1,NORMAL,N,Y,33,A,,0,0,0,1/27/23 0:00,M,6,0,0,,,
M2727G1,M2727G1J,FW,39027027070,A10,A-BIN,,,RELEAS,Y,Y,ALLOC,AM27,1,NORMAL,N,Y,27,G,,0,0,0,1/27/23 0:00,M,27,0,0,,,
M3206D1,M3206D1F,FW,39032006040,A02,A-BIN,,,RELEAS,Y,Y,ALLOC,AM32,1,NORMAL,N,Y,6,D,,0,0,0,1/27/23 0:00,M,32,0,0,,,
N0802A4,N0802A4J,FW,42008002010,A35,LOW-SEASON,,,RELEAS,Y,Y,ALLOC,AN08,1,NORMAL,N,Y,2,A,,0,0,0,2/18/22 0:00,N,8,0,0,,,
N3913B2,N3913B2D,FW,42039013020,A07,A-BIN,,,RELEAS,Y,Y,ALLOC,AN39,1,NORMAL,N,Y,13,B,,0,0,0,3/28/23 0:00,N,39,0,0,,,
N3921B3,N3921B3E,FW,42039021020,A07,A-BIN,,,RELEAS,Y,Y,ALLOC,AN39,1,NORMAL,N,Y,21,B,,0,0,0,4/26/22 0:00,N,39,0,0,,,
N4235C1,N4235C1B,FW,42042035030,A07,A-BIN,,,RELEAS,Y,Y,ALLOC,AN42,1,NORMAL,N,Y,35,C,,0,0,0,2/14/23 0:00,N,42,0,0,,,
R1107G2,R1107G2B,FW,54011007070,A07,A-BIN,,,RELEAS,Y,Y,ALLOC,AR11,1,NORMAL,N,Y,7,G,,0,0,0,2/16/22 0:00,R,11,0,0,,,
R1109B1,R1109B1E,FW,54011009020,A02,A-BIN,,,RELEAS,Y,Y,ALLOC,AR11,1,NORMAL,N,Y,9,B,,0,0,0,2/23/22 0:00,R,11,0,0,,,
F5604B2,F5604B2E,FW,18056004020,A09,SHOES,,,RELEAS,Y,Y,ALLOC,AF56,1,NORMAL,,Y,4,B,,0,0,0,2/24/23 0:00,F,56,0,0,,,
F5831B2,F5831B2D,FW,18058031020,A09,SHOES,,,RELEAS,Y,Y,ALLOC,AF58,1,NORMAL,,Y,31,B,,0,0,0,9/8/22 0:00,F,58,0,0,,,
F5801B2,F5801B2G,FW,18058001020,A09,SHOES,,,RELEAS,Y,Y,ALLOC,AF58,1,NORMAL,,Y,1,B,,0,0,0,9/16/22 0:00,F,58,0,0,,,
F6509A4,F6509A4B,FW,18065009010,A05,SHOES,,,RELEAS,Y,Y,ALLOC,AF65,1,NORMAL,,Y,9,A,,0,0,0,3/24/23 0:00,F,65,0,0,,,
D2910C1,D2910C1E,FW,12029010030,A10,A-BIN,,,RELEAS,Y,Y,ALLOC,AD29,1,NORMAL,,Y,10,C,,0,0,0,9/23/22 0:00,D,29,0,0,,,
C2106A3,C2106A3K,FW,9021006010,A07,A-BIN,,,RELEAS,Y,Y,ALLOC,AC21,1,NORMAL,,Y,6,A,,0,0,0,4/3/23 0:00,C,21,0,0,,,
F5716D2,F5716D2E,FW,18057016040,A09,SHOES,,,RELEAS,Y,Y,ALLOC,AF57,1,NORMAL,,Y,16,D,,0,0,0,1/24/23 0:00,F,57,0,0,,,
F6404C4,F6404C4D,FW,18064004030,A05,SHOES,,,RELEAS,Y,Y,ALLOC,AF64,1,NORMAL,,Y,4,C,,0,0,0,9/13/22 0:00,F,64,0,0,,,
C0106B1,C0106B1E,FW,9001006020,A35,LOW-SEASON,,,RELEAS,Y,Y,ALLOC,AC01,1,NORMAL,,Y,6,B,,0,0,0,1/27/23 0:00,C,1,0,0,,,
F5731D2,F5731D2D,FW,18057031040,A09,SHOES,,,RELEAS,Y,Y,ALLOC,AF57,1,NORMAL,,Y,31,D,,0,0,0,2/3/23 0:00,F,57,0,0,,,
F5834F2,F5834F2D,FW,18058034060,A09,SHOES,,,RELEAS,Y,Y,ALLOC,AF58,1,NORMAL,,Y,34,F,,0,0,0,3/23/22 0:00,F,58,0,0,,,
F5925F2,F5925F2K,FW,18059025060,A09,SHOES,,,RELEAS,Y,Y,ALLOC,AF59,1,NORMAL,,Y,25,F,,0,0,0,7/21/22 0:00,F,59,0,0,,,
F5640D2,F5640D2G,FW,18056040040,A09,SHOES,,,RELEAS,Y,Y,ALLOC,AF56,1,NORMAL,,Y,40,D,,0,0,0,3/14/23 0:00,F,56,0,0,,,
E4304B2,E4304B2E,FW,15043004020,A07,A-BIN,,,RELEAS,Y,Y,ALLOC,AE43,1,NORMAL,N,Y,4,B,,0,0,0,11/2/22 0:00,E,43,0,0,,,
I3609A1,I3609A1C,FW,27036009010,A01,TIERACK,,,RELEAS,Y,Y,ALLOC,AI36,1,NORMAL,N,Y,9,A,,0,0,0,12/7/22 0:00,I,36,0,0,,,
I3710A1,I3710A1J,FW,27037010010,A91,TIERACK,,,RELEAS,Y,Y,ALLOC,AI37,1,NORMAL,N,Y,10,A,,0,0,0,8/18/22 0:00,I,37,0,0,,,
F5809B2,F5809B2K,FW,18058009020,A09,SHOES,,,RELEAS,Y,Y,ALLOC,AF58,1,NORMAL,,Y,9,B,,0,0,0,9/13/22 0:00,F,58,0,0,,,
F5713B2,F5713B2D,FW,18057013020,A09,SHOES,,,RELEAS,Y,Y,ALLOC,AF57,1,NORMAL,,Y,13,B,,0,0,0,1/31/23 0:00,F,57,0,0,,,
E5616E3,E5616E3F,FW,15056016050,A02,A-BIN,,,RELEAS,Y,Y,ALLOC,AE56,1,NORMAL,N,N,16,E,,0,0,0,2/22/23 0:00,E,56,0,0,,,
C3204F2,C3204F2J,FW,9032004060,A10,A-BIN,,,RELEAS,Y,Y,ALLOC,AC32,1,NORMAL,,Y,4,F,,0,0,0,2/26/23 0:00,C,32,0,0,,,
Q0406A1,Q0406A1J,FW,51004006010,A06,A-BIN,,,RELEAS,Y,Y,ALLOC,AQ04,1,NORMAL,N,N,6,A,,0,0,0,2/17/22 0:00,Q,4,0,0,,,
Q0410C1,Q0410C1J,FW,51004010030,A06,A-BIN,,,RELEAS,Y,Y,ALLOC,AQ04,1,NORMAL,N,N,10,C,,0,0,0,2/17/22 0:00,Q,4,0,0,,,
G1502D1,G1502D1C,FW,21015002040,A02,A-BIN,,,RELEAS,Y,Y,ALLOC,AG15,1,NORMAL,N,N,2,D,,0,0,0,3/27/23 0:00,G,15,0,0,,,
Z2610A1,Z2610A1B,FW,78026010010,A91,TOWELS,TIERACK,,RELEAS,Y,Y,ALLOC,Z26,1,NORMAL,N,Y,10,A,,0,0,0,12/14/22 0:00,Z,26,0,0,,,
K4430C4,K4430C4K,FW,33044030030,A17,BIGSHOE,,,RELEAS,Y,Y,ALLOC,AK44,1,NORMAL,N,Y,30,C,,0,0,0,8/10/22 0:00,K,44,0,0,,,
A4007F6,A4007F6K,FW,3040007060,A06,A-BIN,,,RELEAS,Y,Y,ALLOC,AA40,1,NORMAL,,Y,7,F,,0,0,0,10/23/22 0:00,A,40,0,0,,,
R1371D1,R1371D1J,FW,54013071040,A02,A-BIN,,,RELEAS,Y,Y,ALLOC,AR13,1,NORMAL,N,Y,71,D,,0,0,0,2/28/23 0:00,R,13,0,0,,,
P0809G2,P0809G2H,FW,48008009070,A07,A-BIN,,,RELEAS,Y,Y,ALLOC,AP08,1,NORMAL,N,Y,9,G,,0,0,0,1/27/23 0:00,P,8,0,0,,,
D5335F1,D5335F1J,FW,12053035060,A06,A-BIN,,,RELEAS,Y,Y,ALLOC,AD53,1,NORMAL,N,Y,35,F,,0,0,0,12/1/22 0:00,D,53,0,0,,,
D5411F1,D5411F1H,FW,12054011060,A06,A-BIN,,,RELEAS,Y,Y,ALLOC,AD54,1,NORMAL,N,Y,11,F,,0,0,0,10/25/22 0:00,D,54,0,0,,,
C6309C2,C6309C2F,FW,9063009030,A09,SHOES,,,RELEAS,Y,Y,ALLOC,AC63,1,NORMAL,N,Y,9,C,,0,0,0,2/22/23 0:00,C,63,0,0,,,
C6312A2,C6312A2B,FW,9063012010,A09,SHOES,,,RELEAS,Y,Y,ALLOC,AC63,1,NORMAL,N,Y,12,A,,0,0,0,10/4/22 0:00,C,63,0,0,,,
C6315B2,C6315B2D,FW,9063015020,A09,SHOES,,,RELEAS,Y,Y,ALLOC,AC63,1,NORMAL,N,Y,15,B,,0,0,0,2/2/23 0:00,C,63,0,0,,,
C6303D2,C6303D2H,FW,9063003040,A05,SHOES,,,RELEAS,Y,Y,ALLOC,AC63,1,NORMAL,N,Y,3,D,,0,0,0,9/26/22 0:00,C,63,0,0,,,
C6303D3,C6303D3F,FW,9063003040,A05,SHOES,,,RELEAS,Y,Y,ALLOC,AC63,1,NORMAL,N,Y,3,D,,0,0,0,9/26/22 0:00,C,63,0,0,,,
C6303E2,C6303E2G,FW,9063003050,A05,SHOES,,,RELEAS,Y,Y,ALLOC,AC63,1,NORMAL,N,Y,3,E,,0,0,0,9/21/22 0:00,C,63,0,0,,,
C6303E3,C6303E3E,FW,9063003050,A05,SHOES,,,RELEAS,Y,Y,ALLOC,AC63,1,NORMAL,N,Y,3,E,,0,0,0,9/21/22 0:00,C,63,0,0,,,
C6303F2,C6303F2F,FW,9063003060,A05,SHOES,,,RELEAS,Y,Y,ALLOC,AC63,1,NORMAL,N,Y,3,F,,0,0,0,3/3/22 0:00,C,63,0,0,,,
C6305D2,C6305D2C,FW,9063005040,A05,SHOES,,,RELEAS,Y,Y,ALLOC,AC63,1,NORMAL,N,Y,5,D,,0,0,0,9/21/22 0:00,C,63,0,0,,,
C6310E2,C6310E2B,FW,9063010050,A05,SHOES,,,RELEAS,Y,Y,ALLOC,AC63,1,NORMAL,N,Y,10,E,,0,0,0,9/26/22 0:00,C,63,0,0,,,
C6312D3,C6312D3G,FW,9063012040,A05,SHOES,,,RELEAS,Y,Y,ALLOC,AC63,1,NORMAL,N,Y,12,D,,0,0,0,9/21/22 0:00,C,63,0,0,,,
C6312E3,C6312E3F,FW,9063012050,A05,SHOES,,,RELEAS,Y,Y,ALLOC,AC63,1,NORMAL,N,Y,12,E,,0,0,0,9/21/22 0:00,C,63,0,0,,,
C6312F3,C6312F3E,FW,9063012060,A05,SHOES,,,RELEAS,Y,Y,ALLOC,AC63,1,NORMAL,N,Y,12,F,,0,0,0,9/21/22 0:00,C,63,0,0,,,
C6313D2,C6313D2G,FW,9063013040,A05,SHOES,,,RELEAS,Y,Y,ALLOC,AC63,1,NORMAL,N,Y,13,D,,0,0,0,9/21/22 0:00,C,63,0,0,,,
C6313E2,C6313E2F,FW,9063013050,A05,SHOES,,,RELEAS,Y,Y,ALLOC,AC63,1,NORMAL,N,Y,13,E,,0,0,0,9/21/22 0:00,C,63,0,0,,,
C6313F2,C6313F2E,FW,9063013060,A05,SHOES,,,RELEAS,Y,Y,ALLOC,AC63,1,NORMAL,N,Y,13,F,,0,0,0,9/21/22 0:00,C,63,0,0,,,
C6314E2,C6314E2D,FW,9063014050,A05,SHOES,,,RELEAS,Y,Y,ALLOC,AC63,1,NORMAL,N,Y,14,E,,0,0,0,9/21/22 0:00,C,63,0,0,,,
C6314F2,C6314F2C,FW,9063014060,A05,SHOES,,,RELEAS,Y,Y,ALLOC,AC63,1,NORMAL,N,Y,14,F,,0,0,0,9/21/22 0:00,C,63,0,0,,,
C6315F2,C6315F2K,FW,9063015060,A05,SHOES,,,RELEAS,Y,Y,ALLOC,AC63,1,NORMAL,N,Y,15,F,,0,0,0,3/3/22 0:00,C,63,0,0,,,
C6316E2,C6316E2J,FW,9063016050,A05,SHOES,,,RELEAS,Y,Y,ALLOC,AC63,1,NORMAL,N,Y,16,E,,0,0,0,9/21/22 0:00,C,63,0,0,,,
C6316E3,C6316E3G,FW,9063016050,A05,SHOES,,,RELEAS,Y,Y,ALLOC,AC63,1,NORMAL,N,Y,16,E,,0,0,0,9/21/22 0:00,C,63,0,0,,,
C6316F3,C6316F3F,FW,9063016060,A05,SHOES,,,RELEAS,Y,Y,ALLOC,AC63,1,NORMAL,N,Y,16,F,,0,0,0,9/21/22 0:00,C,63,0,0,,,
C6317D3,C6317D3F,FW,9063017040,A05,SHOES,,,RELEAS,Y,Y,ALLOC,AC63,1,NORMAL,N,Y,17,D,,0,0,0,9/21/22 0:00,C,63,0,0,,,
C6317F2,C6317F2F,FW,9063017060,A05,SHOES,,,RELEAS,Y,Y,ALLOC,AC63,1,NORMAL,N,Y,17,F,,0,0,0,9/21/22 0:00,C,63,0,0,,,
C6319E2,C6319E2C,FW,9063019050,A05,SHOES,,,RELEAS,Y,Y,ALLOC,AC63,1,NORMAL,N,Y,19,E,,0,0,0,3/1/22 0:00,C,63,0,0,,,
C6320D2,C6320D2B,FW,9063020040,A05,SHOES,,,RELEAS,Y,Y,ALLOC,AC63,1,NORMAL,N,Y,20,D,,0,0,0,9/21/22 0:00,C,63,0,0,,,
C6320F2,C6320F2K,FW,9063020060,A05,SHOES,,,RELEAS,Y,Y,ALLOC,AC63,1,NORMAL,N,Y,20,F,,0,0,0,9/21/22 0:00,C,63,0,0,,,
C6321D2,C6321D2K,FW,9063021040,A05,SHOES,,,RELEAS,Y,Y,ALLOC,AC63,1,NORMAL,N,Y,21,D,,0,0,0,9/21/22 0:00,C,63,0,0,,,
C6321E2,C6321E2J,FW,9063021050,A05,SHOES,,,RELEAS,Y,Y,ALLOC,AC63,1,NORMAL,N,Y,21,E,,0,0,0,3/2/22 0:00,C,63,0,0,,,
C6321F2,C6321F2H,FW,9063021060,A05,SHOES,,,RELEAS,Y,Y,ALLOC,AC63,1,NORMAL,N,Y,21,F,,0,0,0,9/21/22 0:00,C,63,0,0,,,
C6322E2,C6322E2G,FW,9063022050,A05,SHOES,,,RELEAS,Y,Y,ALLOC,AC63,1,NORMAL,N,Y,22,E,,0,0,0,9/21/22 0:00,C,63,0,0,,,
C6322F2,C6322F2F,FW,9063022060,A05,SHOES,,,RELEAS,Y,Y,ALLOC,AC63,1,NORMAL,N,Y,22,F,,0,0,0,9/21/22 0:00,C,63,0,0,,,
C6323F2,C6323F2D,FW,9063023060,A05,SHOES,,,RELEAS,Y,Y,ALLOC,AC63,1,NORMAL,N,Y,23,F,,0,0,0,9/21/22 0:00,C,63,0,0,,,
C6324D2,C6324D2D,FW,9063024040,A05,SHOES,,,RELEAS,Y,Y,ALLOC,AC63,1,NORMAL,N,Y,24,D,,0,0,0,9/21/22 0:00,C,63,0,0,,,
C6324E2,C6324E2C,FW,9063024050,A05,SHOES,,,RELEAS,Y,Y,ALLOC,AC63,1,NORMAL,N,Y,24,E,,0,0,0,9/21/22 0:00,C,63,0,0,,,
C6324F2,C6324F2B,FW,9063024060,A05,SHOES,,,RELEAS,Y,Y,ALLOC,AC63,1,NORMAL,N,Y,24,F,,0,0,0,9/21/22 0:00,C,63,0,0,,,
C6325D2,C6325D2A,FW,9063025040,A05,SHOES,,,RELEAS,Y,Y,ALLOC,AC63,1,NORMAL,N,Y,25,D,,0,0,0,9/21/22 0:00,C,63,0,0,,,
C6325E2,C6325E2K,FW,9063025050,A05,SHOES,,,RELEAS,Y,Y,ALLOC,AC63,1,NORMAL,N,Y,25,E,,0,0,0,9/21/22 0:00,C,63,0,0,,,
C6326D2,C6326D2J,FW,9063026040,A05,SHOES,,,RELEAS,Y,Y,ALLOC,AC63,1,NORMAL,N,Y,26,D,,0,0,0,9/21/22 0:00,C,63,0,0,,,
C6326E2,C6326E2H,FW,9063026050,A05,SHOES,,,RELEAS,Y,Y,ALLOC,AC63,1,NORMAL,N,Y,26,E,,0,0,0,9/21/22 0:00,C,63,0,0,,,
C6326F2,C6326F2G,FW,9063026060,A05,SHOES,,,RELEAS,Y,Y,ALLOC,AC63,1,NORMAL,N,Y,26,F,,0,0,0,3/3/22 0:00,C,63,0,0,,,
C6327E2,C6327E2F,FW,9063027050,A05,SHOES,,,RELEAS,Y,Y,ALLOC,AC63,1,NORMAL,N,Y,27,E,,0,0,0,3/3/22 0:00,C,63,0,0,,,
C6327F2,C6327F2E,FW,9063027060,A05,SHOES,,,RELEAS,Y,Y,ALLOC,AC63,1,NORMAL,N,Y,27,F,,0,0,0,9/21/22 0:00,C,63,0,0,,,
C6328D2,C6328D2E,FW,9063028040,A05,SHOES,,,RELEAS,Y,Y,ALLOC,AC63,1,NORMAL,N,Y,28,D,,0,0,0,10/4/22 0:00,C,63,0,0,,,
C6328E3,C6328E3B,FW,9063028050,A05,SHOES,,,RELEAS,Y,Y,ALLOC,AC63,1,NORMAL,N,Y,28,E,,0,0,0,9/21/22 0:00,C,63,0,0,,,
C6329F1,C6329F1C,FW,9063029060,A05,SHOES,,,RELEAS,Y,Y,ALLOC,AC63,1,NORMAL,N,Y,29,F,,0,0,0,3/7/23 0:00,C,63,0,0,,,
G1909A3,G1909A3J,FW,21019009010,A24,A-BIN,,,RELEAS,Y,Y,ALLOC,AG19,1,NORMAL,N,Y,9,A,,0,0,0,10/26/22 0:00,G,19,0,0,,,
G3103B1,G3103B1K,FW,21031003020,A15,A-BIN,,,RELEAS,Y,Y,ALLOC,AG31,1,NORMAL,N,Y,3,B,,0,0,0,8/17/22 0:00,G,31,0,0,,,
J0236H1,J0236H1H,FW,30002036080,A18,SHOES,,,RELEAS,Y,Y,ALLOC,AJ02,1,NORMAL,N,N,36,H,,0,0,0,3/6/23 0:00,J,2,0,0,,,
J0623G3,J0623G3D,FW,30006023070,A18,SHOES,,,RELEAS,Y,Y,ALLOC,AJ06,1,NORMAL,N,Y,23,G,,0,0,0,1/6/23 0:00,J,6,0,0,,,
G1913E5,G1913E5B,FW,21019013050,A06,A-BIN,,,RELEAS,Y,Y,ALLOC,AG19,1,NORMAL,N,N,13,E,,0,0,0,3/23/23 0:00,G,19,0,0,,,