mod_type,description,type,width,length,height,top_off_flag,num_fit,,,
A01,DEFAULT,B,1,1,1,N,1,,,
A06,SHORT 1/6,B,5.5,14.4,10,Y,1,,,
A07,RESTRICTED,B,20,25,17,Y,1,,,
A11,1/4 MOD,B,8.3,29.5,10,Y,4,,,
A13,1/3 MOD,B,11,29.5,10,Y,3,,,
A14,1/4 MOD TALL,B,8.2,29,15,Y,2,,,
A15,1/2 MOD,B,16.5,29.5,10,Y,2,,,
A98,BULK STACK,B,999.8,999.8,999.8,Y,1,,,
A20,BIG SHOE FIXED,B,22,41,45,Y,1,,,
A25,BIG SHOE LARGE,B,41,44.5,22,Y,1,,,
A30,G LEVEL SEASON,B,33,29.5,21,Y,1,,,
A31,SMALL SEASONAL,B,18.5,48,18.5,Y,1,,,
X32,"L,M A-LEVEL",B,12,75,29,Y,4,,,
A34,LARGE SEASONAL,B,25,47,50,Y,2,,,
A35,LARGER SEASONAL,B,33,47,50,Y,2,,,
A39,4 TIER RACK,B,48,240,56,Y,1,,,
X41,HANGING GARMENT,B,1,1,1,Y,1,,,
X43,HANGING GARMENT,B,1,1,1,Y,1,,,
A99,SPECIAL ZONING,B,0.1,0.1,0.1,N,1,,,
W59,NONCON_SMB   TR,B,36.5,55.5,43.5,Y,1,,,
W61,PILLOWS      BB,B,17,48.1,28,Y,1,,,
W63,W_CONVEY,B,25,37.6,46,Y,1,,,
W64,W_CONVEY      E,B,25,37.7,46,Y,1,,,
W65,W_CONVEY      B,B,25,37.8,46,Y,1,,,
W66,W_CONVEY      A,B,25,40,48.5,Y,1,,,
W67,Q-SECT_SM   4TR,B,44,239,56,Y,1,,,
W68,Q-SECT_SM   3TR,B,44,177,56,Y,1,,,
W69,Q-SECT_SM   2TR,B,44,119,56,Y,1,,,
W70,Q-SECT_SM   1TR,B,44,60.1,56,Y,1,,,
W71,PILLOWS,B,17,48,17,Y,1,,,
W72,SOFA        6EA,B,252,198,50,Y,1,,,
W73,SOFA        1EA,B,42,198,50,Y,1,,,
W74,R-SECT_LR   8TR,B,472,94,42,Y,1,,,
W75,R-SECT_LR   2TR,B,118,94,44,Y,1,,,
W76,R-SECT_LR   1TR,B,59,94,42,Y,1,,,
W77,R-SECT_LR   4TR,B,236,94,42,Y,1,,,
W84,R-SECT_SM   8TR,B,472,60,48,,1,,,
W79,R-SECT_LR   3TR,B,177,94,44,Y,1,,,
W80,1 STACK FRAME,B,59,60,48,Y,1,,,
W81,R-SECT_SM   2TR,B,118,60,48,Y,1,,,
W82,R-SECT_SM   3TR,B,177,60,48,Y,1,,,
W83,R-SECT_SM   4TR,B,236,60,48,Y,1,,,
W98,BULK STACK,B,999.8,999.8,999.8,Y,1,,,
W15,DEFAULT,B,1,1,1,,1,,,
W55,MECH PICK    SM,B,45,105,52,Y,1,,,
T32,"L,M A-LEVEL",B,1,1,1,Y,1,,,
T41,HANGING GARMENT,B,1,1,1,Y,1,,,
T42,HANGING GARMENT,B,1,1,1,Y,1,,,
T43,HANGING GARMENT,B,24,999,99,Y,4,,,
X11,TAILOR SHOP,B,10,29.5,8.2,Y,4,,,
X13,TAILOR SHOP,B,11,29.5,10,Y,3,,,
X15,TAILOR SHOP,B,16.5,29.5,10,Y,2,,,
A00,DEFAULT,B,1,1,1,N,1,,,
X00,,B,1,1,1,N,1,,,
T00,,B,1,1,1,N,1,,,
W99,RRR,B,100,100,100,,1,,,
X31,SMALL SEASONAL,B,17,48,27,Y,3,,,
X34,LARGE SEASONAL,B,25,47,50,Y,2,,,
X03,,B,1,1,1,N,1,,,
A32,SMALL SEAS D LV,B,22,48,18.5,N,1,,,
W00,DEFAULT,B,1,1,1,N,0,,,
X02,,B,1,1,1,,1,,,
W10,BLINDS_SH,B,16.5,35.1,25,Y,1,,,
W11,PILLOWS,B,17,48,28,Y,1,,,
W12,BLINDS_ME,B,16.5,60.1,21.5,Y,1,,,
W13,DEFAULT,B,17,34.5,12,Y,1,,,
W14,BLINDS_ME,B,14,60.1,16,Y,1,,,
W16,DEFAULT,B,1,1,1,Y,1,,,
W17,DEFAULT,B,1,1,1,Y,1,,,
W18,LONGBIN_LR SHRT,B,16,89.1,16,Y,1,,,
W19,DEFAULT,B,42,99.9,52,Y,1,,,
W20,BLINDS_ME,B,16.5,60.1,27.5,Y,1,,,
W21,DEFAULT,B,16.5,48.1,16.5,Y,1,,,
W22,DEFAULT,B,16.5,60.1,24.5,Y,1,,,
W23,DEFAULT,B,16.5,60.1,16.5,Y,1,,,
W24,LONGBIN_LR,B,16.5,120,24.5,Y,1,,,
W25,D5AREA,B,17,36,22,Y,1,,,
W26,LONGBIN_LR,B,14,120,16,Y,1,,,
W27,DEFAULT,B,1,1,1,Y,0,,,
W85,R-SECT_SM  12TR,B,708,60,48,,1,,,
W29,REGULATED,B,20,30,10,Y,1,,,
W30,SHADES,B,23,48,10.5,Y,1,,,
W31,SHADES,B,16.5,63,10.5,Y,1,,,
W32,BLINDS_SH,B,16.5,30,16.5,Y,1,,,
W28,DEFAULT,B,1,1,1,,1,,,
W34,SHADES,B,23,74,10.5,Y,1,,,
W35,SHADES,B,14,73.1,7.5,,1,,,
W36,SHADES,B,14,73.1,10.5,,1,,,
W37,DEFAULT,B,1,1,1,,1,,,
W38,DEFAULT,B,1,1,1,,1,,,
W39,2 DEEP B LEVEL,B,108,90,43,,1,,,
W40,RUGS_SH,B,16.5,35.1,21,Y,1,,,
W41,B LEVEL FIXED,B,48,90,43,,1,,,
W42,2 DEEP FIXED,B,108,90,98,Y,1,,,
W43,A / C  FIXED,B,48,90,98,Y,1,,,
W44,RUGS_LR   SHORT,B,16.5,94,16.5,Y,1,,,
W45,DEFAULT,B,1,1,1,,1,,,
W46,RUGS_LR,B,13.5,140,26,Y,1,,,
W47,RUGS_ME,B,16.5,66.1,21.2,Y,1,,,
W48,R-SECT_SM   6TR,B,354,60,48,Y,1,,,
W49,R-SECT_ME   6TR,B,354,75,48,,1,,,
W50,NONCON_AF   FTR,B,34.1,89.1,43,Y,1,,,
W51,NONCON_AF  OVER,B,34.1,110,43,Y,1,,,
W52,NONCON_BF   FTR,B,34.1,89.1,41.1,Y,1,,,
W53,PILLOWS,B,59,60,48,Y,1,,,
W54,MECH-PICK    LG,B,50,105,60,Y,1,,,
W56,NONCON_SMA  FIX,B,44,60.1,56,Y,1,,,
W57,NONCON_SMA   TR,B,36.5,55.5,43.5,Y,1,,,
W58,NONCON_SMB  FIX,B,44,51.1,48,Y,1,,,
W60,PILLOWS 4TR,B,48,236,60,Y,1,,,
W62,PILLOWS 8TR,B,48,472,60,Y,1,,,
W86,R-SECT_ME   2TR,B,118,75,48,Y,1,,,
W87,R-SECT_ME   1TR,B,59,75,48,Y,1,,,
W88,R-SECT_ME   4TR,B,236,75,48,Y,1,,,
W89,R-SECT_ME   8TR,B,472,75,48,Y,1,,,
W90,FOAM         HS,B,38,105,42,Y,1,,,
W91,FOAM    BIN BOX,B,25,48,45,Y,1,,,
W92,R-SECT_ME   3TR,B,177,75,78,Y,1,,,
W93,MATTRESS_F   HS,B,25.1,85.1,40.1,Y,1,,,
W94,MATTRESS_Q   HS,B,25.1,86.1,65.1,Y,1,,,
W95,MATTRESS_Q  4TR,B,40,340,62,Y,1,,,
W96,MATTRESS_K   HS,B,44,92.5,80,Y,1,,,
W97,MATTRESS_Q  1TR,B,40,86.1,64,Y,1,,,
W02,RUGS_SH,B,16,35.1,21,,1,,,
W04,BLINDS_SH,B,16,35.1,21,N,1,,,
W03,BLINDS_SH,B,16,35.1,16,N,1,,,
W05,RUGS_ME,B,14,66.1,16,N,1,,,
W06,BLINDS_ME,B,14,63.1,16,N,1,,,
W07,RUGS_LR,B,14,120,16,,1,,,
X04,,B,1,1,1,,1,,,
X06,,B,1,1,1,,1,,,
X07,,B,1,1,1,,1,,,
X08,,B,1,1,1,,1,,,
X70,,B,1,1,1,,1,,,
X63,,B,1,1,1,,1,,,
X81,,B,1,1,1,,1,,,
X59,,B,1,1,1,,1,,,
X10,,B,1,1,1,,1,,,
X09,,B,1,1,1,,1,,,
X12,,B,1,1,1,,1,,,
X14,,B,1,1,1,,1,,,
X16,,B,1,1,1,,1,,,
X17,,B,1,1,1,,1,,,
X18,,B,1,1,1,,1,,,
X19,,B,1,1,1,,1,,,
X20,,B,1,1,1,,1,,,
X21,,B,1,1,1,,1,,,
X22,,B,1,1,1,,1,,,
X23,,B,1,1,1,,1,,,
X24,,B,1,1,1,,1,,,
X25,,B,1,1,1,,1,,,
X26,,B,1,1,1,,1,,,
X27,,B,1,1,1,,1,,,
X28,,B,1,1,1,,1,,,
X29,,B,1,1,1,,1,,,
X30,B,B,1,1,1,,1,,,
X33,,B,1,1,1,,1,,,
X35,,B,1,1,1,,1,,,
X36,,B,1,1,1,,1,,,
X37,,B,1,1,1,,1,,,
X39,,B,1,1,1,,1,,,
X40,,B,1,1,1,,1,,,
X42,,B,1,1,1,,1,,,
X01,,B,1,1,1,,1,,,
X05,,B,1,1,1,,1,,,
X38,,B,1,1,1,,1,,,
X44,,B,1,1,1,,1,,,
X45,,B,1,1,1,,1,,,
X46,,B,1,1,1,,1,,,
X47,,B,1,1,1,,1,,,
X48,,B,1,1,1,,1,,,
X49,,B,1,1,1,,1,,,
X50,,B,1,1,1,,1,,,
X51,,B,1,1,1,,1,,,
X52,,B,1,1,1,,1,,,
X53,,B,1,1,1,,1,,,
X54,,B,1,1,1,,1,,,
X55,,B,1,1,1,,1,,,
X56,,B,1,1,1,,1,,,
X57,,B,1,1,1,,1,,,
X58,,B,1,1,1,,1,,,
X60,,B,1,1,1,,1,,,
X61,,B,1,1,1,,1,,,
X62,,B,1,1,1,,1,,,
X64,,B,1,1,1,,1,,,
X65,,B,1,1,1,,1,,,
X99,SPECIAL ZONING,B,0.1,0.1,0.1,,1,,,
X98,,B,1,1,1,,1,,,
X66,,B,1,1,1,,1,,,
X67,,B,1,1,1,,1,,,
X68,,B,1,1,1,,1,,,
X97,,B,1,1,1,,1,,,
X96,,B,1,1,1,,1,,,
X95,,B,1,1,1,,1,,,
X94,,B,1,1,1,,1,,,
X93,,B,1,1,1,,1,,,
X92,,B,1,1,1,,1,,,
X91,,B,1,1,1,,1,,,
T08,,B,1,1,1,,1,,,
T09,,B,1,1,1,,1,,,
T10,,B,1,1,1,,1,,,
T11,,B,1,1,1,,1,,,
T12,,B,1,1,1,,1,,,
T13,,B,1,1,1,,1,,,
T14,,B,1,1,1,,1,,,
T15,,B,1,1,1,,1,,,
T16,,B,1,1,1,,1,,,
T17,,B,1,1,1,,1,,,
T18,,B,1,1,1,,1,,,
T19,,B,1,1,1,,1,,,
T20,,B,1,1,1,,1,,,
T21,,B,1,1,1,,1,,,
T22,,B,1,1,1,,1,,,
T23,,B,1,1,1,,1,,,
T24,,B,1,1,1,,1,,,
T25,,B,1,1,1,,1,,,
T26,,B,1,1,1,,1,,,
T27,,B,1,1,1,,1,,,
W01,RUGS_SH,B,16,35.1,16,,1,,,
W08,LONGBIN_LR,B,16,120,16,,1,,,
W09,BIGSHOE SLEEVE,B,16,48,16,,1,,,
X90,,B,1,1,1,,1,,,
X89,,B,1,1,1,,1,,,
X88,,B,1,1,1,,1,,,
X87,,B,1,1,1,,1,,,
X86,,B,1,1,1,,1,,,
X85,,B,1,1,1,,1,,,
X84,,B,1,1,1,,1,,,
X83,,B,1,1,1,,1,,,
X82,,B,1,1,1,,1,,,
X80,,B,1,1,1,,1,,,
X79,,B,1,1,1,,1,,,
X78,,B,1,1,1,,1,,,
X77,,B,1,1,1,,1,,,
X76,,B,1,1,1,,1,,,
X75,,B,1,1,1,,1,,,
X74,,B,1,1,1,,1,,,
X73,,B,1,1,1,,1,,,
X72,,B,1,1,1,,1,,,
X71,,B,1,1,1,,1,,,
X69,,B,1,1,1,,1,,,
T01,,B,1,1,1,,1,,,
T02,,B,1,1,1,,1,,,
T03,,B,1,1,1,,1,,,
T04,,B,1,1,1,,1,,,
T05,T-CLASS,B,12,48,10,,1,,,
T06,,B,1,1,1,,1,,,
T07,,B,1,1,1,,1,,,
T28,,B,1,1,1,,1,,,
T29,,B,1,1,1,,1,,,
T30,,B,1,1,1,,1,,,
T31,,B,1,1,1,,1,,,
A52,SHOE ALL LEVELS,B,33,29.5,80,,1,,,
A53,W-T_CLASS,B,26,48,63,,1,,,
A54,W-T_CLASS,B,22,44,50,,1,,,
A55,W-T_CLASS,B,22,52,34,,1,,,
A56,NON_OVERBX,B,18.5,48,20.3,,1,,,
A57,NON_OVERBX HV 4,B,48,240,56,,1,,,
A58,NON_OVERBX HV 2,B,44,119,56,,1,,,
A59,3 TIER RACK,B,48,180,56,,1,,,
A60,SHORT POLE TR,B,42,60,48,,1,,,
A61,BIG SH FIXED RK,B,27,48,40,,5,,,
A62,TEST 1 W,B,8.3,30.5,10,,1,,,
A63,TEST 2 H,B,8.3,29.5,11,,1,,,
A64,TEST 3 W,B,9.3,29.5,10,,1,,,
A65,,B,1,1,1,,1,,,
A66,,B,1,1,1,,1,,,
A67,,B,1,1,1,,1,,,
A68,,B,1,1,1,,1,,,
A69,,B,1,1,1,,1,,,
A70,TOY SEASONAL,B,43,46,25.3,,4,,,
A71,,B,1,1,1,,1,,,
A72,,B,1,1,1,,1,,,
A73,,B,1,1,1,,1,,,
A74,,B,1,1,1,,1,,,
A75,,B,1,1,1,,1,,,
A76,,B,1,1,1,,1,,,
A77,,B,1,1,1,,1,,,
A78,,B,1,1,1,,1,,,
A79,,B,1,1,1,,1,,,
A80,,B,1,1,1,,1,,,
A81,,B,1,1,1,,1,,,
A82,,B,1,1,1,,1,,,
A83,,B,1,1,1,,1,,,
A84,,B,1,1,1,,1,,,
A85,,B,1,1,1,,1,,,
A86,,B,1,1,1,,1,,,
A87,,B,1,1,1,,1,,,
A88,,B,1,1,1,,1,,,
A89,,B,1,1,1,,1,,,
A90,,B,1,1,1,,1,,,
A91,,B,1,1,1,,1,,,
A92,,B,1,1,1,,1,,,
A93,,B,1,1,1,,1,,,
A94,,B,1,1,1,,1,,,
A95,,B,1,1,1,,1,,,
A96,,B,1,1,1,,1,,,
A97,,B,1,1,1,,1,,,
W78,R-SECT_SM   6TR,B,354,60,48,,1,,,
T33,,B,1,1,1,,1,,,
T34,,B,1,1,1,,1,,,
T35,,B,1,1,1,,1,,,
T36,,B,1,1,1,,1,,,
T37,,B,1,1,1,,1,,,
T38,,B,1,1,1,,1,,,
T39,,B,1,1,1,,1,,,
T40,,B,1,1,1,,1,,,
T44,,B,1,1,1,,1,,,
T45,,B,1,1,1,,1,,,
T46,,B,1,1,1,,1,,,
T47,,B,1,1,1,,1,,,
T48,,B,1,1,1,,1,,,
T49,,B,1,1,1,,1,,,
T50,,B,1,1,1,,1,,,
T51,,B,1,1,1,,1,,,
T52,,B,1,1,1,,1,,,
T53,,B,1,1,1,,1,,,
T54,,B,1,1,1,,1,,,
T55,,B,1,1,1,,1,,,
T56,,B,1,1,1,,1,,,
T57,,B,1,1,1,,1,,,
T58,,B,1,1,1,,1,,,
T59,,B,1,1,1,,1,,,
T60,,B,1,1,1,,1,,,
T61,,B,1,1,1,,1,,,
T62,,B,1,1,1,,1,,,
T63,W-T_CLASS,B,25,37.6,46,,1,,,
T64,,B,1,1,1,,1,,,
T65,,B,1,1,1,,1,,,
T66,,B,1,1,1,,1,,,
T67,,B,1,1,1,,1,,,
T68,,B,1,1,1,,1,,,
T69,,B,1,1,1,,1,,,
T70,,B,1,1,1,,1,,,
T71,,B,1,1,1,,1,,,
T72,,B,1,1,1,,1,,,
T73,,B,1,1,1,,1,,,
T74,,B,1,1,1,,1,,,
T75,,B,1,1,1,,1,,,
T76,,B,1,1,1,,1,,,
T77,,B,1,1,1,,1,,,
T78,,B,1,1,1,,1,,,
T79,,B,1,1,1,,1,,,
T80,,B,1,1,1,,1,,,
T81,,B,1,1,1,,1,,,
T82,,B,1,1,1,,1,,,
T83,,B,1,1,1,,1,,,
T84,,B,1,1,1,,1,,,
T85,,B,1,1,1,,1,,,
T86,,B,1,1,1,,1,,,
T87,,B,1,1,1,,1,,,
T88,,B,1,1,1,,1,,,
T89,,B,1,1,1,,1,,,
T90,,B,1,1,1,,1,,,
T91,,B,1,1,1,,1,,,
T92,,B,1,1,1,,1,,,
T93,,B,1,1,1,,1,,,
T94,,B,1,1,1,,1,,,
T95,,B,1,1,1,,1,,,
T96,,B,1,1,1,,1,,,
T97,,B,1,1,1,,1,,,
T98,,B,1,1,1,,1,,,
T99,SPECIAL ZONING,B,0.1,0.1,0.1,,1,,,
A02,PRACTICE,B,4.5,29.5,10,,1,,,
A03,MULTI - TEST,B,5.5,10,7.4,,9,,,
A04,COFFEE,B,16.5,29.5,10,,4,,,
A05,1/6 MOD,B,5.5,29.5,10,,6,,,
A08,SHORT 1/3,B,11,14.5,10,,1,,,
A09,24 INCH 1/6,B,5.5,23.5,10,,1,,,
A10,SPEC SEASONAL,B,17.5,48.5,17.5,,1,,,
A12,SPEC SEASONAL,B,24.5,36,29.7,,1,,,
A16,1/4 MOD 7 SHELF,B,8.2,29.5,12,,4,,,
A17,1/3 MOD 7 SHELF,B,11,29.5,12,,3,,,
A18,ONE MOD 7 SHELF,B,16.5,29.5,12,,2,,,
A19,1/2 MOD TALL,B,16.5,29.5,15,,4,,,
A21,BIG SHOE,B,17,34.5,19.5,,1,,,
A22,BIG SHOE SF,B,18,31,42,,1,,,
A23,TOWELL SEASON,B,17,16,22,,1,,,
A24,BIG SHOE SHORT,B,17,30,17,,1,,,
A26,BIGSHOE SHELF,B,25,41,42,,1,,,
A27,A-SOUTH W,B,17,36,18,,1,,,
A28,RENO 31 SHORT,B,20.8,43.5,17.5,,4,,,
A29,SPEC SEASONAL,B,25,38.5,51,,1,,,
A33,A-SOUTH LARGE,B,25,42,50,,1,,,
A36,SPEC SEASONAL,B,17.7,43.5,21.7,,1,,,
A37,W-T_CLASS,B,25,37.6,46,,1,,,
A38,W-T_CLASS,B,22,28,18,,1,,,
A40,1 TIER RACK,B,48,60,56,,1,,,
A41,2 TIER RACK,B,48,120,56,,1,,,
A42,T CLASS SMALL,B,22,35,28.5,,1,,,
A43,VAULT,B,5.8,23.5,10,,1,,,
A44,VAULT,B,8.5,23.5,10,,1,,,
A45,VAULT,B,17.5,23.5,10,,1,,,
A46,I BELT SMALL,B,25,36,22,,1,,,
A47,I BELT REG,B,25,47,23,,1,,,
A48,I BELT 1/2 SPTR,B,30,48,46,,1,,,
A49,8 TIER RACK,B,48,240,448,,1,,,
A50,SP SF FOR BIG S,B,48,60,14,,1,,,
A51,W-T_CLASS,B,36,106,45.5,,1,,,
W01,FLATWARE,B,17,30,11,Y,1,,,
A02,1/4 MOD,B,8,29.5,11,Y,4,,,
A05,SHOE 1/4,B,8.5,29.5,12,Y,4,,,
W33,PALLET,B,54,45,26,,2,,,
W36,REGULATED,B,17,31,28,,4,,,
W37,LONGSHADE,B,18,59,21,,1,,,
W38,"Y SHELF 38""LGTH",B,108,38,21,,1,,,
W39,"Y SHELF 52""LGTH",B,108,52,21,,1,,,
W41,"Y SHELF 96""LGTH",B,108,96,21,,1,,,
W42,DEFAULT,B,1,1,1,,1,,,
W43,MEDIUM RUGS,B,30,60,25,,1,,,
W44,LONG RUGS,B,22,115,25,,1,,,
W46,SHORT RUGS,B,24,56,26,,1,,,
W48,LONG RUGS,B,20,80,31,,1,,,
W49,LONG RUGS,B,34.5,66,24.5,,1,,,
W51,LONG RUGS,B,44,80,42,,1,,,
W52,FLATWARE (A10),B,28,28,19,,3,,,
W53,FLATWARE (A19),B,34,30,11,,1,,,
W54,FLATWARE (A20),B,34,30,22,,1,,,
W56,FLATWARE (A35),B,17,36,20,,5,,,
W57,FLATWARE (A69),B,17,36,36,,5,,,
W58,DEFAULT,B,10,10,10,,0,,,
W59,DEFAULT,B,10,10,10,,0,,,
W61,DEFAULT,B,10,10,10,,0,,,
W63,DEFAULT,B,10,10,10,,0,,,
W64,LONGPALLHEAVIES,B,63,89,43,,1,,,
W65,LONG PALLET,B,54,88,26,,1,,,
W66,LONG BLINDS,B,15,78,28,,1,,,
W68,DEFAULT,B,30,122,28,,0,,,
W69,LONG RUGS,B,27,115,40,,1,,,
W71,LONGEST RUGS,B,26,120,31,,1,,,
W72,ET-TIER RACK,B,104,98,205,,1,,,
W76,DEFAULT,B,10,10,10,,0,,,
W77,DEFAULT,B,10,10,10,,0,,,
W78,DEFAULT,B,10,10,10,,0,,,
W79,DEFAULT,B,10,10,10,,0,,,
W80,DEFAULT,B,40,30,32,,0,,,
A68,LOW-SEASON TS,B,50,60,50,,1,,,
W84,ET RACK,S,90,37,36,,5,,,
W85,DEFAULT,B,1,1,1,,0,,,
W86,DEFAULT,B,10,10,10,,0,,,
W87,DEFAULT,B,10,10,10,,0,,,
W89,DEFAULT,B,10,10,10,,0,,,
W90,1 DEEP 1-HIGH,B,60,48,58,,1,,,
W91,1 DEEP 4-HI,B,57,45.6,220.4,,1,,,
W92,2 DEEP 4 HI,B,57,91.2,220.4,,1,,,
W93,3 DEEP 4-HI,B,57,136.8,220.4,,1,,,
W94,4 DEEP 4 HI,B,60,192,232,,1,,,
W95,5 DEEP 4 HI,B,60,240,232,,1,,,
W96,1 DEEP 2-HI,B,60,44,116,,1,,,
A07,1/3 MOD,B,11,29.5,11,Y,3,,,
A10,1/2 MOD,B,17,30,11,Y,2,,,
A15,BIGSHOE SHORT,B,14.5,33,18,Y,6,,,
A20,4 MOD BOX,B,34,30,22,Y,1,,,
A25,QUAD SEASONAL,B,26,36,25,Y,4,,,
X30,U-LEVEL,B,30,72,21,,1,,,
A33,LOW SEAS/HDLINE,B,34,36.5,26,Y,4,,,
A35,1/5 SM SEASONAL,B,17,36,20,Y,5,,,
A40,1/3 LOW SEASONA,B,35,44,46,Y,3,,,
A45,1/4 COORD.,B,39,43,21.5,Y,4,,,
A47,1/4 LOW SEAS.,B,24,35,43,Y,4,,,
A50,1/3 H.SEAS/TOY,B,38,47,46,Y,3,,,
A55,1/4 H.SEASONAL,B,28,47,46,Y,4,,,
A70,1/6 HIGH SEAS,B,38,44,17,Y,5,,,
A75,1/2 L.SEAS.I-B,B,29,50.5,43,Y,2,,,
A90,REG. T-RACK,B,60,48,58,Y,1,,,
A97,TIER RACK 6,B,60,88,174,Y,1,,,
W02,DEFAULT,B,1,1,1,Y,0,,,
A11,SHORT TEN,B,17,22,10.5,Y,2,,,
A39,I-BELT C-LEVEL.,B,43,35.5,33.5,Y,2,,,
A38,XXXL BIGSHOE,B,14.5,44,40,Y,6,,,
A43,1/4 SEAS HRDLNS,B,22,46,42,Y,4,,,
A24,"I-B,5710-14C",B,29,35.5,32.5,Y,1,,,
A23,"I-B,5714A",B,35.5,32.5,20.5,Y,1,,,
A21,SHORT 20,B,34,24,22,Y,1,,,
A37,BIGSHOE XL,B,14.5,41,27,Y,6,,,
A19,BIN SLEVE,B,34,30,11,Y,1,,,
W23,CONVEY,B,28,44,24,Y,3,,,
W30,WCONVEY 1/2SHLF,B,58,48,42,Y,2,,,
W24,CONVEY,B,28.5,60,22,Y,3,,,
W31,CONVEY,B,32.5,60,29.5,Y,3,,,
W34,DEFAULT,B,1,1,1,Y,0,,,
W03,DEFAULTN,B,1,1,1,Y,0,,,
W35,REGUALTED,B,14,42,18,Y,5,,,
W40,DEFAULT,B,1,1,1,Y,0,,,
W45,REGULATED,B,10,10,10,Y,1,,,
W47,DEFAULT,B,1,1,1,Y,0,,,
W50,DEFAULT,B,1,1,1,Y,1,,,
W60,TALL POLE,B,56,82,48,Y,1,,,
W67,LONG PALLET,B,45,89,46,Y,1,,,
W70,ET-TIER RACK,B,52,98,205,Y,1,,,
W73,ET-TIER RACK,B,156,98,205,Y,1,,,
W88,FLOOR LOCATION,B,100,155,100,,1,,,
W07,LONGBIN_S,B,18,45,21,,1,,,
W08,SHORT RUGS,B,28,51,25,,1,,,
W09,MEDIUM RUGS,B,30,59,25,,1,,,
W15,DEFAULT,B,1,1,1,,1,,,
W16,LONGBIN_S,B,18,60,21,,1,,,
A00,DEFAULT,B,1,1,1,,0,,,
W17,DEFAULT,B,1,1,1,,1,,,
A06,1/6 MOD,B,5.5,29.5,11,Y,6,,,
A12,HNG GAR,B,6,30,25,Y,1,,,
A13,HNG GAR,B,17,30,25,Y,1,,,
A14,I-BELT D-LEVEL,B,28.5,28.5,32.5,Y,3,,,
A28,I-B/D-L5017-21,B,35,37,19.3,Y,1,,,
A30,D-5 1/2 MOD,B,17,30,11,,2,,,
A34,I-BELT (A35),B,17,30,20,Y,5,,,
A46,1/3 SEAS HRDLNS,B,29,46,48,Y,3,,,
A71,I-BELT TR BX,B,26.5,48,29.5,Y,1,,,
A72,SWING 2 LEVEL,B,32,30,42,Y,2,,,
A73,HNG GAR,B,25,50,25,Y,4,,,
A74,SWING 4 ACROSS,B,25,28,18,Y,4,,,
A76,I-BELT TR,B,17,48,54.5,Y,3,,,
A89,BIN SLEVE,B,33,58,22,Y,1,,,
W04,LONGBIN_S,B,18,36,21,Y,1,,,
W05,DEFAULT,B,1,1,1,,1,,,
W06,DEFAULT,B,1,1,1,,1,,,
W10,REGULATED,B,17,30,11,Y,1,,,
W12,DEFAULT,B,1,1,1,Y,1,,,
W20,DEFAULT_S,B,1,1,1,,0,,,
W18,LONGBINS,B,18,84,21,,1,,,
W55,W-SIDE,B,18,81,11,,0,,,
W62,DEFAULT,B,1,1,1,,0,,,
W74,ET-TIER RACK,B,208,98,205,,1,,,
W75,ET_ZONE HEAVIES,B,52,98,205,,1,,,
W19,LONGBINS_L,B,18,93,21,,1,,,
X07,DEFAULT,B,1,1,1,,0,,,
X10,HG-10INCH,B,10,72,21,,1,,,
X11,HG-DEFAULT,B,25,30,3,,1,,,
X12,REG. DRESS,B,12,62,21,,1,,,
W82,DEFAULT,B,1,1,1,,1,,,
W21,LONGBINS,B,18,99,21,,1,,,
X41,DEFAULT,B,1,1,1,,0,,,
X73,,B,1,1,1,Y,0,,,
X00,DEFAULT,B,1,1,1,,0,,,
W00,DEFAULT,B,1,1,1,,0,,,
T00,DEFAULT,B,1,1,1,Y,0,,,
T10,SUIT PANTS,B,16.5,29.5,11,,2,,,
T13,,B,1,1,1,,0,,,
T15,DEFAULT,B,1,1,1,Y,1,,,
T30,SUITCOATS,B,30,72,21,Y,1,,,
W22,DEFAULT,B,1,1,1,,0,,,
W25,CONVEY,B,24,44,30,,4,,,
W11,SHORT RUGS,B,28,40,18,,1,,,
W13,LONGBIN_S,B,18,52,21,,1,,,
W14,LONGBIN_S,B,18,44,21,,1,,,
W26,CONVEY,B,24,44,26,,4,,,
W27,CONVEY,B,28.5,60,29.5,,3,,,
W28,DEFAULT,B,1,1,1,,1,,,
W29,DEFAULT,B,1,1,1,,1,,,
W32,CONVEY,B,32.5,60,22,,3,,,
W97,DEFAULT,B,10,10,10,,0,,,
W98,DEFAULT,B,10,10,10,,0,,,
W99,DEFAULT,B,10,10,10,,0,,,
A01,AREA 1 OVERHEAD,B,5.5,29,11,,6,,,
A03,A1 SHOE OVERHD,B,5.5,29.5,11,,6,,,
A04,DEFAULT,B,10.8,21,20,,1,,,
A08,SHOE 1/4,B,8.5,41.6,8.5,,4,,,
A09,SHOE 1/2,B,17,29.5,12,,2,,,
A16,PICKBELT,B,35,29,11.5,,1,,,
A17,BIGSHOE MEDIUM,B,14.5,40.5,17.5,,6,,,
A18,BIGSHOE LONG,B,14.5,44,18,,6,,,
A22,PICKBELT,B,60,96,84,,1,,,
A26,COFFEE,B,9,30.5,23,,12,,,
A27,D-5 1/3 MOD,B,11,29.5,11,,3,,,
A29,DEFAULT,B,1,1,1,,0,,,
A31,PICKBELT,B,17,36,20,,1,,,
A32,"LOW-SEASON 15""H",B,35,29,15,,5,,,
A36,1/6 HI SEASONAL,B,20.3,44,17,,6,,,
A41,DEFAULT,B,1,1,1,,0,,,
A44,DEFAULT,B,1,1,1,,0,,,
A42,DEFAULT,B,1,1,1,,0,,,
A48,TIERACK-H-SHELF,B,53,30,29.5,,2,,,
A49,TIERACK-H-SHELF,B,48,53,29.5,,2,,,
A51,HANDSTACK TOY S,B,17.5,36,20,,5,,,
A52,HANDSTACK TOY M,B,17,36,36,,1,,,
A53,HANDSTACK TOY L,B,17,48,36,,5,,,
A54,DEFAULT,B,1,1,1,,0,,,
A56,1 HI-SEAS.RACK,B,47,55,47,,1,,,
A57,2 HI-SEAS.RACK,B,47,55,94,,1,,,
A58,1 HI-SEAS.ORANG,B,48,35,84,,1,,,
A59,2 HI-SEAS.ORANG,B,96,35,84,,1,,,
A60,STOCKINGSMALL,B,36,60,26.5,,1,,,
A61,STOCKINGLARGE,B,36,105,26.5,,1,,,
A62,TOYPALLET,B,88,44,48,,1,,,
A63,TOYPALLET,B,88,44,38,,1,,,
A64,TOYPALLET,B,88,44,20,,1,,,
A65,COFFEE,B,8,29.5,8.5,,4,,,
A66,DEFAULT,B,1,1,1,,6,,,
A67,DEFAULT,B,1,1,1,,5,,,
A69,1/6 LOW SEAS,B,17,44,36,,5,,,
A77,O-BELT TR,B,56,47,58,,1,,,
A78,SWING 4 LEVEL,B,28,30,32,,4,,,
A79,SWING  TR 1/2,B,60,44,24,,1,,,
A80,A-6 FULL SHELF,B,100,28,18,,1,,,
A81,TIERACK REG,S,56,44,58,,4,,,
A82,TIERACK SP,S,56,44,45,,5,,,
A86,SWING-TR 1,B,58,40,55,,1,,,
A87,O-BELT SP,B,18.6,47,45,,3,,,
A88,DEFAULT,B,1,1,1,,0,,,
A91,TIER RACK 4,B,60,48,232,,1,,,
A92,TIER RACK 8,B,60,88,232,,1,,,
A93,TIER RACK 12,B,60,132,232,,1,,,
A94,TIER RACK 2,B,60,44,116,,1,,,
A95,TIER RACK 16,B,60,176,232,,1,,,
A96,TIER RACK 3,B,60,44,174,,1,,,
A98,TIER RACK 10,B,60,88,174,,1,,,
A99,TIER RACK 14,B,60,176,174,,1,,,
X01,DEFAULT,B,1,1,1,,0,,,
X02,PREPRINT-X,B,8,29.5,11,,4,,,
X03,,B,3,62,21,,1,,,
X04,DEFAULT,B,1,1,1,,0,,,
X05,SLICKRAIL_D5,B,5,72,21,,1,,,
X06,HG-6INCH,B,6,72,21,,1,,,
X08,DEFAULT,B,1,1,1,,0,,,
X09,DEFAULT,B,1,1,1,,0,,,
X14,U-LEVEL,B,14,72,25,,1,,,
X15,SLICKRAIL,B,14,72,24,,1,,,
X16,DEFAULT,B,1,1,1,,0,,,
X17,DEFAULT,B,1,1,1,,0,,,
X18,,B,18,72,21,,1,,,
X19,DEFAULT,B,1,1,1,,0,,,
X20,K-LEVEL,B,20,72,21,,2,,,
X21,,B,21,62,21,,1,,,
X22,DEFAULT,B,1,1,1,,0,,,
X23,DEFAULT,B,1,1,1,,0,,,
X24,,B,24,62,21,,1,,,
X25,,B,24,72,25,,1,,,
X26,DEFAULT,B,1,1,1,,0,,,
X27,DEFAULT,B,1,1,1,,0,,,
X28,DEFAULT,B,1,1,1,,0,,,
X29,DEFAULT,B,1,1,1,,0,,,
X31,DEFAULT,B,1,1,1,,0,,,
X32,DEFAULT,B,1,1,1,,0,,,
X33,DEFAULT,B,1,1,1,,0,,,
X34,,B,34,62,21,,1,,,
X35,DEFAULT,B,1,1,1,,0,,,
X36,DEFAULT,B,1,1,1,,0,,,
X37,DEFAULT,B,1,1,1,,0,,,
X38,DEFAULT,B,1,1,1,,0,,,
X39,DEFAULT,B,1,1,1,,0,,,
X40,DEFAULT,B,1,1,1,,0,,,
X42,,B,42,62,21,,1,,,
X43,DEFAULT,B,1,1,1,,0,,,
X44,DEFAULT,B,1,1,1,,0,,,
X45,DEFAULT,B,1,1,1,,0,,,
X46,DEFAULT,B,1,1,1,,0,,,
X47,DEFAULT,B,1,1,1,,0,,,
X48,,B,48,72,25,,1,,,
X49,DEFAULT,B,1,1,1,,0,,,
X50,DEFAULT,B,1,1,1,,0,,,
X51,DEFAULT,B,1,1,1,,0,,,
X52,DEFAULT,B,1,1,1,,0,,,
X53,DEFAULT,B,1,1,1,,0,,,
X54,DEFAULT,B,1,1,1,,0,,,
X55,DEFAULT,B,1,1,1,,0,,,
X56,DEFAULT,B,1,1,1,,0,,,
X57,DEFAULT,B,1,1,1,,0,,,
X58,DEFAULT,B,1,1,1,,0,,,
X59,DEFAULT,B,1,1,1,,0,,,
X60,DEFAULT,B,1,1,1,,0,,,
X61,DEFAULT,B,1,1,1,,0,,,
X62,DEFAULT,B,1,1,1,,0,,,
X63,DEFAULT,B,1,1,1,,0,,,
X64,DEFAULT,B,1,1,1,,0,,,
X65,DEFAULT,B,1,1,1,,0,,,
X66,DEFAULT,B,1,1,1,,0,,,
X67,DEFAULT,B,1,1,1,,0,,,
X68,DEFAULT,B,1,1,1,,0,,,
X69,DEFAULT,B,1,1,1,,0,,,
X70,DEFAULT,B,1,1,1,,0,,,
X71,DEFAULT,B,1,1,1,,0,,,
X72,DEFAULT,B,1,1,1,,0,,,
X74,DEFAULT,B,1,1,1,,0,,,
X75,DEFAULT,B,1,1,1,,0,,,
X76,DEFAULT,B,1,1,1,,0,,,
X77,DEFAULT,B,1,1,1,,0,,,
X78,DEFAULT,B,1,1,1,,0,,,
X79,DEFAULT,B,1,1,1,,0,,,
X80,DEFAULT,B,1,1,1,,0,,,
X81,DEFAULT,B,1,1,1,,0,,,
X82,DEFAULT,B,1,1,1,,0,,,
X83,DEFAULT,B,1,1,1,,0,,,
X84,DEFAULT,B,1,1,1,,0,,,
X85,DEFAULT,B,1,1,1,,0,,,
X86,DEFAULT,B,1,1,1,,0,,,
X87,DEFAULT,B,1,1,1,,0,,,
X88,DEFAULT,B,1,1,1,,0,,,
X89,DEFAULT,B,1,1,1,,0,,,
X90,DEFAULT,B,1,1,1,,0,,,
X91,DEFAULT,B,1,1,1,,0,,,
X92,DEFAULT,B,1,1,1,,0,,,
X93,DEFAULT,B,1,1,1,,0,,,
X94,DEFAULT,B,1,1,1,,0,,,
X95,DEFAULT,B,1,1,1,,0,,,
X96,DEFAULT,B,1,1,1,,0,,,
X97,DEFAULT,B,1,1,1,,0,,,
X98,DEFAULT,B,1,1,1,,0,,,
X99,DEFAULT,B,1,1,1,,0,,,
T01,DEFAULT,B,1,1,1,,0,,,
T02,DEFAULT,B,1,1,1,,0,,,
T03,DEFAULT,B,1,1,1,,0,,,
T04,DEFAULT,B,1,1,1,,0,,,
T05,DEFAULT,B,1,1,1,,0,,,
T06,SUITCOAT,B,10,72,21,,1,,,
T07,1/3 MOD,B,11,29.5,11,,3,,,
T08,DEFAULT,B,1,1,1,,0,,,
T09,SUITCOATS,B,9,72,21,,1,,,
T11,DEFAULT,B,1,1,1,,0,,,
T12,SUITCOAT,B,12,72,21,,1,,,
T14,DEFAULT,B,1,1,1,,0,,,
T16,DEFAULT,B,1,1,1,,0,,,
T17,SUITCOAT,B,17,60,25,,1,,,
T18,SUITCOATG D-5,B,18,72,21,,1,,,
T19,DEFAULT,B,1,1,1,,0,,,
T20,SUITCOATS,B,20,72,21,,1,,,
T21,DEFAULT,B,1,1,1,,0,,,
T22,DEFAULT,B,1,1,1,,0,,,
T23,DEFAULT,B,1,1,1,,0,,,
T24,DEFAULT,B,1,1,1,,0,,,
T25,DEFAULT,B,1,1,1,,0,,,
T26,DEFAULT,B,1,1,1,,0,,,
T27,DEFAULT,B,1,1,1,,0,,,
T28,DEFAULT,B,1,1,1,,0,,,
T29,DEFAULT,B,1,1,1,,0,,,
T31,DEFAULT,B,1,1,1,,0,,,
T32,DEFAULT,B,1,1,1,,0,,,
T33,DEFAULT,B,1,1,1,,0,,,
T34,DEFAULT,B,1,1,1,,0,,,
T35,DEFAULT,B,1,1,1,,0,,,
T36,DEFAULT,B,1,1,1,,0,,,
T37,DEFAULT,B,1,1,1,,0,,,
T38,DEFAULT,B,1,1,1,,0,,,
T39,DEFAULT,B,1,1,1,,0,,,
T40,SUITCOAT,B,40,72,21,,1,,,
T41,DEFAULT,B,1,1,1,,0,,,
T42,DEFAULT,B,1,1,1,,0,,,
T43,DEFAULT,B,1,1,1,,0,,,
T44,DEFAULT,B,1,1,1,,0,,,
T45,DEFAULT,B,1,1,1,,0,,,
T46,DEFAULT,B,1,1,1,,0,,,
T47,DEFAULT,B,1,1,1,,0,,,
T48,DEFAULT,B,1,1,1,,0,,,
T49,DEFAULT,B,1,1,1,,0,,,
T50,DEFAULT,B,1,1,1,,0,,,
T51,DEFAULT,B,1,1,1,,0,,,
T52,DEFAULT,B,1,1,1,,0,,,
T53,DEFAULT,B,1,1,1,,0,,,
T54,DEFAULT,B,1,1,1,,0,,,
T55,DEFAULT,B,1,1,1,,0,,,
T56,DEFAULT,B,1,1,1,,0,,,
T57,DEFAULT,B,1,1,1,,0,,,
T58,DEFAULT,B,1,1,1,,0,,,
T59,DEFAULT,B,1,1,1,,0,,,
T60,DEFAULT,B,1,1,1,,0,,,
T61,DEFAULT,B,1,1,1,,0,,,
T62,DEFAULT,B,1,1,1,,0,,,
T63,DEFAULT,B,1,1,1,,0,,,
T64,DEFAULT,B,1,1,1,,0,,,
T65,DEFAULT,B,1,1,1,,0,,,
T66,DEFAULT,B,1,1,1,,0,,,
T67,DEFAULT,B,1,1,1,,0,,,
T68,DEFAULT,B,1,1,1,,0,,,
T69,DEFAULT,B,1,1,1,,0,,,
T70,DEFAULT,B,1,1,1,,0,,,
T71,DEFAULT,B,1,1,1,,0,,,
T72,DEFAULT,B,1,1,1,,0,,,
T73,DEFAULT,B,1,1,1,,0,,,
T74,DEFAULT,B,1,1,1,,0,,,
T75,DEFAULT,B,1,1,1,,0,,,
T76,DEFAULT,B,1,1,1,,0,,,
T77,DEFAULT,B,1,1,1,,0,,,
T78,DEFAULT,B,1,1,1,,0,,,
T79,DEFAULT,B,1,1,1,,0,,,
T80,DEFAULT,B,1,1,1,,0,,,
T81,DEFAULT,B,1,1,1,,0,,,
T82,DEFAULT,B,1,1,1,,0,,,
T83,DEFAULT,B,1,1,1,,0,,,
T84,DEFAULT,B,1,1,1,,0,,,
T85,DEFAULT,B,1,1,1,,0,,,
T86,DEFAULT,B,1,1,1,,0,,,
T87,DEFAULT,B,1,1,1,,0,,,
T88,DEFAULT,B,1,1,1,,0,,,
T89,DEFAULT,B,1,1,1,,0,,,
T90,DEFAULT,B,1,1,1,,0,,,
T91,DEFAULT,B,1,1,1,,0,,,
T92,DEFAULT,B,1,1,1,,0,,,
T93,DEFAULT,B,1,1,1,,0,,,
T94,DEFAULT,B,1,1,1,,0,,,
T95,DEFAULT,B,1,1,1,,0,,,
T96,DEFAULT,B,1,1,1,,0,,,
T97,DEFAULT,B,1,1,1,,0,,,
T98,DEFAULT,B,1,1,1,,0,,,
T99,DEFAULT,B,1,1,1,,0,,,
A85,SWING LG,B,106,48,28,,1,,,
A00,,B,1,1,1,Y,1,,,
X91,HANGING GARMENT,B,12,54.7,32,Y,1,,,
A95,VERY BIG,B,232,60,176,,1,,,
A04,A04,B,2,1,3,,1,,,
A03,JEWELRY,B,9,21,8,Y,1,,,
A01,A01,B,1,1,1,,1,,,
A12,NON USEABLE DSU,B,11.5,29.2,5.9,Y,1,,,
A20,SHOE 1/2,B,18,29,10.5,Y,2,,,
A35,SEASONAL1/6,B,17,40,38,Y,6,,,
A02,A02,B,3,1,2,,1,,,
A09,A09,B,3,1,2,,1,,,
A17,SHOE 1/6,B,14,44,20,Y,6,,,
A18,SHOE 1/3,B,12,29,11,Y,3,,,
A19,SHOE 1/2,B,18,29,11,Y,2,,,
W10,WALLPAPER,B,17,23,22,Y,1,,,
W40,STACKING FRAME,B,36,45,28,Y,1,,,
A22,A22,B,3,1,2,,1,,,
W50,LONGBIN BAM,B,44,60,24,N,1,,,
A38,A38,B,3,1,2,,1,,,
W99,DEFAULT,B,1,1,1,N,1,,,
A75,A75,B,6,1,5,,1,,,
A07,A07,B,3,1,2,,1,,,
A11,,B,1,1,1,Y,1,,,
A55,ASEASONAL1/4,B,26,40,38,Y,4,,,
W01,DEFAULT,B,1,1,1,Y,1,,,
A16,A16,B,4,1,5,,1,,,
A27,A27,B,6,4,5,,1,,,
A54,A54,B,3,1,2,,1,,,
W42,SHADESLG,B,15,74,23,Y,1,,,
W43,SHADES,B,15,38,23,Y,1,,,
W44,MATTRESS SHORT,B,1,1,1,Y,1,,,
W46,1 MOD OVERHANG,B,45,88,60,,1,,,
W48,MATTRESS LARGE,B,1,1,1,Y,1,,,
W60,N-SEC/RUGS,B,43,110,23,Y,1,,,
A58,A58,B,6,4,5,,1,,,
A30,A30,B,5,5,6,,1,,,
A32,A32,B,2,2,2,,1,,,
A50,VAULTFULL,B,36,24,11,Y,1,,,
A10,A6SHORT1/2,B,18,24,11,Y,2,,,
A15,1/4 MOD,B,9,29.2,11,Y,4,,,
A26,1/2 MOD,B,19,29.2,11,Y,2,,,
A37,B-LVL SEASONAL,B,17,37,30,Y,6,,,
A62,A-STFRN UPPER,B,36,105.5,48,Y,1,,,
A63,A-STFR LOWER,B,43,105.5,48,Y,1,,,
A64,A-STFR COMBINDE,B,79,105.5,48,Y,1,,,
A65,,B,1,1,1,Y,1,,,
W17,RUGS-SH,B,20,38,14,Y,1,,,
W35,OVERHANG PALLET,B,44,70,45,Y,1,,,
A86,VAULTFINEJEWEL,B,36,105.5,50,Y,1,,,
A88,4 SOFA,B,43,79,236,Y,1,,,
A89,8 RACK,B,96,56,232,Y,1,,,
X00,U-LVL DBL BAR,B,90,72,24,Y,1,,,
X09,,B,12,12,12,Y,1,,,
X18,,B,12,12,12,Y,1,,,
X20,,B,12,12,12,Y,1,,,
X21,,B,12,12,12,Y,1,,,
X38,,B,12,12,12,Y,1,,,
X61,,B,12,12,12,Y,1,,,
X96,,B,12,12,12,Y,1,,,
X90,HANGING BIN,B,12,69,24,Y,1,,,
X92,HANGING,B,12,54.7,32,Y,1,,,
X99,HANGING DEFAULT,B,999.9,999.9,999.9,N,1,,,
X97,,B,10,10,10,Y,1,,,
X06,,B,10,10,10,N,1,,,
W00,DEFAULT,B,1,1,1,Y,1,,,
X60,U-LVL REGULAR,B,12,67,24,Y,1,,,
X95,,B,10,10,10,Y,1,,,
X01,,B,10,10,10,Y,1,,,
X11,,B,10,10,10,Y,1,,,
W03,DEFAULT,B,1,1,1,Y,1,,,
W04,SHADESLG,B,15,74,14,Y,1,,,
X30,,B,10,10,10,Y,1,,,
W05,RUGS-SH,B,17,38,27,Y,1,,,
W39,LONGBIN-LG,B,44,84,40,Y,1,,,
X05,,B,10,10,10,Y,1,,,
W06,RUGS=SH,B,18,38,17,Y,1,,,
W08,RUGS-SH,B,18,38,29,Y,1,,,
A24,1/3 MOD,B,12,29.2,10.5,Y,3,,,
X56,X-LVL BOTTOM,B,12,60,24,Y,1,,,
W09,SHADESMED,B,12,56,13,Y,1,,,
W28,PALLET WCONVEY,B,42.5,43,48,Y,1,,,
W22,SHADES,B,13.5,44,11,Y,1,,,
W11,SHADESMED,B,15,56,14,Y,1,,,
W12,SHADESMED,B,15,56,23,Y,1,,,
W13,BLINDS-SH,B,14.8,38,14,Y,1,,,
W15,WALLPAPER,B,34,23,23,Y,1,,,
W18,RUGS-SH,B,33,38,11,Y,1,,,
W19,RUGS-SH,B,28,38,17,Y,1,,,
A45,,B,22,42.1,13.5,Y,1,,,
W20,LONGBIN-SH,B,29,41,14,Y,1,,,
W21,BLINDS-SH,B,29.6,38,29,Y,1,,,
W23,LONGBIN-ME,B,34,48,14,Y,1,,,
W24,RUGS-SH,B,35,38,28,Y,1,,,
W25,MISSLE,B,29,45,21,Y,1,,,
W27,DEFAULT,B,1,1,1,Y,1,,,
W29,LONGBIN-LG,B,12,84,12,Y,1,,,
W30,DEFAULT,B,1,1,1,Y,1,,,
W31,LONGBIN-ME,B,34,60,14,Y,1,,,
W32,DEFAULT,B,1,1,1,Y,1,,,
W33,LONGBIN-ME,B,34,65,14,Y,1,,,
A06,1/6 MOD,B,5.8,29.2,10.5,,6,,,
W41,LONBING-LG,B,12,72,18,Y,1,,,
W97,DEFAULT,B,1,1,1,,1,,,
W47,LONGBIN-LG,B,18,84,12,Y,1,,,
W49,LONGBIN-ME,B,40,48,37,Y,1,,,
A85,4 FRAME,B,48,56,232,Y,1,,,
W51,1/2 LONGBIN BAM,B,22,60,24,Y,1,,,
W52,3 MOD TALL,B,1,1,1,Y,1,,,
X59,,B,10,10,10,Y,1,,,
X62,,B,10,10,10,Y,1,,,
X63,,B,10,10,10,Y,1,,,
X64,,B,10,10,10,Y,1,,,
X65,,B,10,10,10,Y,1,,,
X66,,B,10,10,10,Y,1,,,
X67,,B,10,10,10,Y,1,,,
X68,,B,10,10,10,Y,1,,,
X69,,B,10,10,10,Y,1,,,
X70,,B,10,10,10,Y,1,,,
X71,,B,10,10,10,Y,1,,,
X72,U-LVL SEASONAL,B,12,72,24,Y,1,,,
X73,,B,10,10,10,Y,1,,,
X74,,B,10,10,10,Y,1,,,
X75,,B,10,10,10,Y,1,,,
X76,,B,10,10,10,Y,1,,,
X77,,B,10,10,10,Y,1,,,
X78,,B,10,10,10,Y,1,,,
X79,,B,10,10,10,Y,1,,,
X80,,B,6,60,24,Y,1,,,
X81,,B,10,10,10,Y,1,,,
X82,,B,10,10,10,Y,1,,,
X83,,B,10,10,10,Y,1,,,
X84,,B,10,10,10,Y,1,,,
X85,,B,10,10,10,Y,1,,,
X86,,B,10,10,10,Y,1,,,
X87,,B,10,10,10,Y,1,,,
X88,,B,10,10,10,Y,1,,,
X89,,B,10,10,10,Y,1,,,
X93,,B,10,10,10,Y,1,,,
X94,,B,10,10,10,Y,1,,,
X98,,B,10,10,10,Y,1,,,
T05,,B,1,1,1,Y,1,,,
T06,,B,1,1,1,Y,1,,,
T07,,B,1,1,1,Y,1,,,
T08,,B,1,1,1,Y,1,,,
T09,,B,1,1,1,Y,1,,,
T10,,B,1,1,1,Y,1,,,
T11,,B,1,1,1,Y,1,,,
T12,,B,1,1,1,Y,1,,,
T13,,B,1,1,1,Y,1,,,
T14,,B,1,1,1,Y,1,,,
T15,,B,1,1,1,Y,1,,,
T16,,B,1,1,1,Y,1,,,
T17,,B,1,1,1,Y,1,,,
T18,,B,1,1,1,Y,1,,,
T19,,B,1,1,1,Y,1,,,
W53,TALL OVERHANG,B,1,1,1,Y,1,,,
W54,DEFAULT,B,1,1,1,Y,1,,,
W55,DEFAULT,B,1,1,1,Y,1,,,
W56,DEFAULT,B,1,1,1,Y,1,,,
W57,LONGBIN-LG,B,12,110,11,Y,1,,,
W58,DEFAULT,B,1,1,1,Y,1,,,
W61,N-SECT/RUGS,B,35.5,110,14,Y,1,,,
W62,N-SECT/RUGS,B,17,110,14,Y,1,,,
W63,KITS_W,B,230,63,46,,1,,,
W14,BLINDS-SH,B,17.8,38,17,Y,1,,,
W64,L SEC MONSTER11,B,1,1,1,,1,,,
W65,N-SEC/RUGS,B,35,110,28,,1,,,
W68,DEFAULT,B,1,1,1,,1,,,
W69,DEFAULT,B,1,1,1,,1,,,
W66,DEFAULT,B,1,1,1,,1,,,
W26,PALLET WCONVEY,B,28,43,48,Y,1,,,
W70,R-SECT-RUG-BL,B,22,150,17,Y,1,,,
W71,R RUGBLIND,B,44,150,17,Y,1,,,
W72,DEFAULT,B,1,1,1,Y,1,,,
W73,RAILS-TR,B,45,90,120,Y,1,,,
W74,SHADESMED,B,15,46.3,23,Y,1,,,
W34,NONCONVEY PALLE,B,44,53,45,Y,1,,,
W37,ME-L0NG BAM,B,40,48,44,Y,1,,,
W76,DEFAULT,B,1,1,1,Y,1,,,
W59,DEFAULT,B,1,1,1,Y,1,,,
W81,MED BS SOFA,B,45,100,206.5,Y,1,,,
W67,R-SECT/RUGS/BL,B,37.5,120,28.6,Y,1,,,
W77,12 MOD OVERHANG,B,45,264,240,Y,1,,,
W78,DEFAULT,B,1,1,1,Y,1,,,
W79,DEFAULT,B,1,1,1,Y,1,,,
W82,LARGE BS SOFA,B,45,100,325,Y,1,,,
W83,XL BS SOFA,B,45,100,540,Y,1,,,
W85,DEFAULT,B,1,1,1,Y,1,,,
W86,DEFAULT,B,1,1,1,Y,1,,,
W87,4MODXLOVERHANG,B,48,92,240,Y,1,,,
W89,SHORT BS SOFA,B,45,100,72,Y,1,,,
W88,4 MOD SOFA RACK,B,1,1,1,Y,1,,,
W80,SMALL BS SOFA,B,45,100,140,Y,1,,,
W90,2 FRAME BAM,B,45,64,120,Y,1,,,
W91,4 MOD SF,B,45,64,240,Y,1,,,
W92,8 MOD SF,B,45,128,240,Y,1,,,
W93,6  MOD SF,B,45,192,120,Y,1,,,
W94,2 MOD SF,B,45,64,120,Y,1,,,
W95,2 MOD SF T5,B,56,44,120,Y,1,,,
W96,DEFAULT,B,1,1,1,Y,1,,,
W98,DEFAULT,B,1,1,1,Y,1,,,
T00,,B,1,1,1,Y,1,,,
T01,,B,1,1,1,Y,1,,,
T02,,B,1,1,1,Y,1,,,
T03,,B,1,1,1,Y,1,,,
T04,,B,1,1,1,Y,1,,,
X02,,B,10,10,10,Y,1,,,
X03,,B,10,10,10,Y,1,,,
X04,,B,10,10,10,Y,1,,,
X07,,B,10,10,10,Y,1,,,
X08,,B,10,10,10,Y,1,,,
X10,,B,10,10,10,Y,1,,,
X12,,B,10,10,10,Y,1,,,
X13,,B,10,10,10,Y,1,,,
X14,,B,10,10,10,Y,1,,,
X15,,B,10,10,10,Y,1,,,
X16,,B,10,10,10,Y,1,,,
X17,,B,10,10,10,Y,1,,,
X19,,B,10,10,10,Y,1,,,
X22,,B,10,10,10,Y,1,,,
X23,,B,10,10,10,Y,1,,,
X24,,B,20,20,20,Y,1,,,
X25,,B,10,10,10,Y,1,,,
X26,,B,10,10,10,Y,1,,,
X27,,B,10,10,10,Y,1,,,
X28,,B,10,10,10,Y,1,,,
X29,,B,10,10,10,Y,1,,,
X31,,B,10,10,10,Y,1,,,
X32,,B,10,10,10,Y,1,,,
X33,,B,10,10,10,Y,1,,,
X34,,B,10,10,10,Y,1,,,
X35,,B,10,10,10,Y,1,,,
X36,U-LVL FULL BAR,B,36,72,24,Y,1,,,
X37,,B,10,10,10,Y,1,,,
X39,,B,10,10,10,Y,1,,,
X40,,B,6,51,24,Y,1,,,
X41,,B,10,10,10,Y,1,,,
X42,,B,10,10,10,Y,1,,,
X43,,B,10,10,10,Y,1,,,
X44,,B,10,10,10,Y,1,,,
X45,W LVL TOP BOTT,B,12,51,24,Y,1,,,
X46,,B,10,10,10,Y,1,,,
X47,,B,10,10,10,Y,1,,,
X48,,B,10,10,10,Y,1,,,
X49,,B,10,10,10,Y,1,,,
X50,,B,10,10,10,Y,1,,,
X51,TOP/BOTTOM FULL,B,36,50,24,Y,1,,,
X52,,B,10,10,10,Y,1,,,
X53,,B,10,10,10,Y,1,,,
X54,,B,10,10,10,Y,1,,,
X55,,B,10,10,10,Y,1,,,
X57,,B,10,10,10,Y,1,,,
X58,,B,10,10,10,Y,1,,,
T20,,B,1,1,1,Y,1,,,
T21,,B,1,1,1,Y,1,,,
T22,,B,1,1,1,Y,1,,,
T23,,B,1,1,1,Y,1,,,
T24,,B,1,1,1,Y,1,,,
T25,,B,1,1,1,Y,1,,,
T26,,B,1,1,1,Y,1,,,
T27,,B,1,1,1,Y,1,,,
T28,,B,1,1,1,Y,1,,,
T29,,B,1,1,1,Y,1,,,
T30,,B,1,1,1,Y,1,,,
T31,,B,1,1,1,Y,1,,,
T32,,B,1,1,1,Y,1,,,
T33,,B,1,1,1,Y,1,,,
T34,,B,1,1,1,Y,1,,,
T35,,B,1,1,1,Y,1,,,
T36,,B,1,1,1,Y,1,,,
T37,,B,1,1,1,Y,1,,,
T38,,B,1,1,1,Y,1,,,
T39,,B,1,1,1,Y,1,,,
T40,,B,1,1,1,Y,1,,,
T41,,B,1,1,1,Y,1,,,
T42,,B,1,1,1,Y,1,,,
T43,,B,1,1,1,Y,1,,,
T44,,B,1,1,1,Y,1,,,
T45,,B,1,1,1,Y,1,,,
T46,,B,1,1,1,Y,1,,,
T47,,B,1,1,1,Y,1,,,
T48,,B,1,1,1,Y,1,,,
T49,,B,1,1,1,Y,1,,,
T50,,B,1,1,1,Y,1,,,
T51,,B,1,1,1,Y,1,,,
T52,,B,1,1,1,Y,1,,,
T53,,B,1,1,1,Y,1,,,
T54,,B,1,1,1,Y,1,,,
T55,,B,1,1,1,Y,1,,,
T56,,B,1,1,1,Y,1,,,
T57,,B,1,1,1,Y,1,,,
T58,,B,1,1,1,Y,1,,,
T59,,B,1,1,1,Y,1,,,
T60,,B,1,1,1,Y,1,,,
T61,,B,1,1,1,Y,1,,,
T62,,B,1,1,1,Y,1,,,
T63,,B,1,1,1,Y,1,,,
T64,,B,1,1,1,Y,1,,,
T65,,B,1,1,1,Y,1,,,
T66,,B,1,1,1,Y,1,,,
T67,,B,1,1,1,Y,1,,,
T68,,B,1,1,1,Y,1,,,
T69,,B,1,1,1,Y,1,,,
T70,,B,1,1,1,Y,1,,,
T71,,B,1,1,1,Y,1,,,
T72,,B,1,1,1,Y,1,,,
T73,,B,1,1,1,Y,1,,,
T74,,B,1,1,1,Y,1,,,
T75,,B,1,1,1,Y,1,,,
T76,,B,1,1,1,Y,1,,,
T77,,B,1,1,1,Y,1,,,
T78,,B,1,1,1,Y,1,,,
T79,,B,1,1,1,Y,1,,,
T80,,B,1,1,1,Y,1,,,
T81,,B,1,1,1,Y,1,,,
T82,,B,1,1,1,Y,1,,,
T83,,B,1,1,1,Y,1,,,
T84,,B,1,1,1,Y,1,,,
T85,,B,1,1,1,Y,1,,,
T86,,B,1,1,1,Y,1,,,
T87,,B,1,1,1,Y,1,,,
T88,,B,1,1,1,Y,1,,,
T90,,B,1,1,1,Y,1,,,
T91,,B,1,1,1,Y,1,,,
T92,,B,1,1,1,Y,1,,,
T93,,B,1,1,1,Y,1,,,
T96,,B,1,1,1,Y,1,,,
T97,,B,1,1,1,Y,1,,,
T98,,B,1,1,1,Y,1,,,
T99,DEFAULT,B,999.9,999.9,999.9,N,1,,,
T89,,B,1,1,1,Y,1,,,
W02,DEFAULT,B,1,1,1,,1,,,
W16,16 MOD EMPTY,B,1,1,1,,16,,,
W75,8 MODOHANG,B,88,81,224,,1,,,
A13,MULTI LOCS BIN,B,8,28,10,,10,,,
W84,RAILS-TR,B,45,64,120,,1,,,